,Date,Low,High,Close,Open
1647,2020-10-09,1489.45,1516.52,1515.22,1494.7
1646,2020-10-08,1465.09,1490.0,1485.93,1465.09
1645,2020-10-07,1436.0,1468.96,1460.29,1464.29
1644,2020-10-06,1448.5901,1486.76,1453.44,1475.58
1643,2020-10-05,1464.27,1488.21,1486.02,1466.21
1642,2020-10-02,1450.92,1483.2,1458.42,1462.03
1641,2020-10-01,1479.21,1499.04,1490.09,1484.27
1640,2020-09-30,1459.88,1489.75,1469.6,1466.8
1639,2020-09-29,1458.805,1476.6632,1469.33,1470.39
1638,2020-09-28,1449.3012,1476.8,1464.52,1474.21
1637,2020-09-25,1413.34,1450.0,1444.96,1432.63
1636,2020-09-24,1409.85,1443.7088,1428.29,1411.03
1635,2020-09-23,1407.7,1460.96,1415.21,1458.78
1634,2020-09-22,1434.53,1469.52,1465.46,1450.09
1633,2020-09-21,1406.55,1448.36,1431.16,1440.06
1632,2020-09-18,1437.13,1503.0032,1459.99,1498.01
1631,2020-09-17,1470.0001,1508.2984,1495.53,1496.0
1630,2020-09-16,1519.82,1562.0,1520.9,1555.54
1629,2020-09-15,1531.835,1559.57,1541.44,1536.0
1628,2020-09-14,1515.74,1563.9999,1519.28,1539.005
1627,2020-09-11,1497.36,1575.2,1520.72,1536.0
1626,2020-09-10,1525.805,1584.081,1532.02,1560.64
1625,2020-09-09,1536.0511,1569.0,1556.96,1557.53
1624,2020-09-08,1528.01,1563.865,1532.39,1533.51
1623,2020-09-04,1547.6125,1645.11,1591.04,1624.26
1622,2020-09-03,1615.06,1709.7143,1641.84,1709.7143
1621,2020-09-02,1666.3301,1733.1799,1728.28,1673.7754
1620,2020-09-01,1632.22,1665.73,1660.71,1636.63
1619,2020-08-31,1630.31,1647.965,1634.18,1647.89
1618,2020-08-28,1630.75,1647.1699,1644.41,1633.49
1617,2020-08-27,1625.75,1655.0,1634.33,1653.68
1616,2020-08-26,1603.6,1659.22,1652.38,1608.0
1615,2020-08-25,1582.07,1611.62,1608.22,1582.07
1614,2020-08-24,1580.57,1614.17,1588.2,1593.98
1613,2020-08-21,1568.005,1597.72,1580.42,1577.03
1612,2020-08-20,1538.2,1585.87,1581.75,1543.45
1611,2020-08-19,1543.95,1573.68,1547.53,1553.31
1610,2020-08-18,1523.71,1562.47,1558.6,1526.18
1609,2020-08-17,1507.97,1525.61,1517.98,1514.67
1608,2020-08-14,1502.88,1521.9,1507.73,1515.66
1607,2020-08-13,1508.005,1537.25,1518.45,1510.34
1606,2020-08-12,1485.25,1512.3859,1506.62,1485.58
1605,2020-08-11,1478.0,1510.0,1480.32,1492.44
1604,2020-08-10,1473.08,1504.075,1496.1,1487.18
1603,2020-08-07,1481.64,1516.845,1494.49,1500.0
1602,2020-08-06,1466.0,1502.39,1500.1,1471.75
1601,2020-08-05,1463.46,1482.41,1473.61,1469.3
1600,2020-08-04,1458.65,1485.56,1464.97,1476.57
1599,2020-08-03,1465.64,1490.47,1474.45,1486.64
1598,2020-07-31,1454.03,1508.95,1482.96,1505.01
1597,2020-07-30,1492.22,1537.87,1531.45,1497.0
1596,2020-07-29,1501.33,1531.2522,1522.02,1506.32
1595,2020-07-28,1497.66,1526.48,1500.34,1525.18
1594,2020-07-27,1515.21,1540.97,1530.2,1515.6
1593,2020-07-24,1488.4,1517.6362,1511.87,1498.93
1592,2020-07-23,1507.3918,1571.87,1515.68,1566.97
1591,2020-07-22,1546.1,1570.0,1568.49,1560.5
1590,2020-07-21,1554.28,1586.99,1558.42,1586.99
1589,2020-07-20,1503.6,1570.29,1565.72,1515.26
1588,2020-07-17,1498.42,1523.44,1515.55,1521.62
1587,2020-07-16,1486.31,1518.69,1518.0,1500.0
1586,2020-07-15,1498.0,1535.33,1513.64,1523.13
1585,2020-07-14,1483.5,1522.95,1520.58,1490.31
1584,2020-07-13,1505.24,1577.13,1511.34,1550.0
1583,2020-07-10,1496.54,1543.83,1541.74,1506.15
1582,2020-07-09,1488.08,1522.72,1510.99,1506.45
1581,2020-07-08,1485.63,1505.88,1496.0,1494.32
1580,2020-07-07,1483.55,1516.8,1485.18,1490.0
1579,2020-07-06,1472.86,1506.59,1495.7,1480.06
1578,2020-07-02,1446.42,1482.95,1464.7,1446.94
1577,2020-07-01,1409.82,1443.0,1438.04,1411.1
1576,2020-06-30,1383.96,1418.65,1413.61,1390.44
1575,2020-06-29,1347.01,1395.6,1394.97,1358.18
1574,2020-06-26,1351.99,1433.45,1359.9,1431.39
1573,2020-06-25,1420.0,1442.9,1441.33,1429.9
1572,2020-06-24,1429.75,1475.42,1431.97,1461.51
1571,2020-06-23,1445.24,1475.94,1464.41,1455.64
1570,2020-06-22,1423.21,1452.75,1451.86,1429.0
1569,2020-06-19,1421.35,1447.8,1431.72,1444.0
1568,2020-06-18,1427.01,1451.41,1435.96,1449.16
1567,2020-06-17,1431.38,1460.0,1451.12,1447.16
1566,2020-06-16,1425.9,1455.02,1442.72,1445.22
1565,2020-06-15,1387.92,1424.8,1419.85,1390.8
1564,2020-06-12,1386.02,1437.0,1413.18,1428.49
1563,2020-06-11,1402.0,1454.47,1403.84,1442.48
1562,2020-06-10,1456.27,1474.26,1465.85,1459.54
1561,2020-06-09,1443.21,1468.0,1456.16,1445.36
1560,2020-06-08,1422.34,1447.99,1446.61,1422.34
1559,2020-06-05,1406.0,1445.05,1438.39,1413.17
1558,2020-06-04,1404.73,1438.96,1412.18,1430.4
1557,2020-06-03,1429.78,1446.55,1436.38,1438.3
1556,2020-06-02,1418.83,1439.61,1439.22,1430.55
1555,2020-06-01,1418.0,1437.96,1431.82,1418.39
1554,2020-05-29,1413.35,1432.57,1428.92,1416.94
1553,2020-05-28,1396.0,1440.84,1416.73,1396.86
1552,2020-05-27,1391.29,1421.74,1417.84,1417.25
1551,2020-05-26,1412.13,1441.0,1417.02,1437.27
1550,2020-05-22,1391.83,1412.76,1410.42,1396.71
1549,2020-05-21,1393.45,1415.49,1402.8,1408.0
1548,2020-05-20,1387.25,1410.42,1406.72,1389.58
1547,2020-05-19,1373.48,1392.0,1373.48,1387.0
1546,2020-05-18,1354.25,1392.33,1383.94,1361.75
1545,2020-05-15,1339.0,1374.48,1373.19,1350.0
1544,2020-05-14,1323.91,1357.42,1356.13,1335.02
1543,2020-05-13,1328.4,1385.48,1349.33,1377.05
1542,2020-05-12,1374.77,1415.0,1375.74,1407.12
1541,2020-05-11,1377.15,1416.53,1403.26,1378.28
1540,2020-05-08,1375.48,1398.76,1388.37,1383.13
1539,2020-05-07,1355.27,1377.6,1372.56,1365.94
1538,2020-05-06,1347.29,1371.12,1347.3,1361.69
1537,2020-05-05,1337.46,1373.94,1351.11,1337.92
1536,2020-05-04,1299.0,1327.66,1326.8,1308.23
1535,2020-05-01,1311.0,1352.07,1320.61,1328.5
1534,2020-04-30,1322.49,1352.82,1348.66,1324.88
1533,2020-04-29,1325.34,1359.99,1341.48,1341.46
1532,2020-04-28,1232.2,1288.05,1233.67,1287.93
1531,2020-04-27,1269.0,1296.15,1275.88,1296.0
1530,2020-04-24,1249.45,1280.4,1279.31,1261.17
1529,2020-04-23,1265.67,1293.31,1276.31,1271.55
1528,2020-04-22,1242.0,1285.61,1263.21,1245.54
1527,2020-04-21,1209.71,1254.27,1216.34,1247.0
1526,2020-04-20,1261.37,1281.6,1266.61,1271.0
1525,2020-04-17,1271.23,1294.43,1283.25,1284.85
1524,2020-04-16,1242.62,1279.0,1263.47,1274.1
1523,2020-04-15,1240.4,1280.46,1262.47,1245.61
1522,2020-04-14,1236.93,1282.07,1269.23,1245.09
1521,2020-04-13,1187.6,1220.51,1217.56,1209.18
1520,2020-04-09,1196.74,1225.57,1211.45,1224.08
1519,2020-04-08,1188.16,1219.07,1210.28,1206.5
1518,2020-04-07,1182.23,1225.0,1186.51,1221.0
1517,2020-04-06,1130.94,1194.66,1186.92,1138.0
1516,2020-04-03,1079.81,1123.54,1097.88,1119.02
1515,2020-04-02,1096.4,1126.86,1120.84,1098.26
1514,2020-04-01,1097.45,1129.69,1105.62,1122.0
1513,2020-03-31,1138.14,1175.31,1162.81,1147.3
1512,2020-03-30,1096.48,1151.63,1146.82,1125.04
1511,2020-03-27,1105.91,1150.67,1110.71,1125.67
1510,2020-03-26,1093.53,1169.97,1161.75,1111.8
1509,2020-03-25,1086.01,1148.9,1102.49,1126.47
1508,2020-03-24,1090.62,1135.0,1134.46,1103.77
1507,2020-03-23,1013.54,1071.32,1056.62,1061.32
1506,2020-03-20,1065.49,1143.99,1072.32,1135.72
1505,2020-03-19,1060.11,1157.97,1115.29,1093.05
1504,2020-03-18,1037.28,1106.5,1096.8,1056.51
1503,2020-03-17,1056.01,1130.86,1119.8,1093.11
1502,2020-03-16,1074.44,1152.27,1084.33,1096.0
1501,2020-03-13,1117.14,1219.76,1219.73,1179.0
1500,2020-03-12,1113.3,1193.87,1114.91,1126.0
1499,2020-03-11,1196.07,1260.96,1215.41,1249.7
1498,2020-03-10,1218.77,1281.15,1280.39,1260.0
1497,2020-03-09,1200.0,1254.76,1215.56,1205.3
1496,2020-03-06,1261.05,1306.22,1298.41,1277.06
1495,2020-03-05,1305.1,1358.91,1319.04,1350.2
1494,2020-03-04,1343.11,1388.09,1386.52,1359.23
1493,2020-03-03,1332.0,1410.15,1341.39,1399.42
1492,2020-03-02,1326.82,1390.87,1389.11,1351.61
1491,2020-02-28,1271.0,1341.14,1339.33,1277.5
1490,2020-02-27,1317.17,1371.7,1318.09,1362.06
1489,2020-02-26,1379.0,1415.7,1393.18,1396.14
1488,2020-02-25,1382.4,1438.14,1388.45,1433.0
1487,2020-02-24,1411.39,1436.97,1421.59,1426.11
1486,2020-02-21,1480.44,1512.21,1485.11,1508.03
1485,2020-02-20,1506.82,1529.64,1518.15,1522.0
1484,2020-02-19,1521.4,1532.11,1526.69,1525.07
1483,2020-02-18,1512.59,1531.63,1519.67,1515.0
1482,2020-02-14,1507.34,1520.74,1520.74,1515.6
1481,2020-02-13,1504.6,1527.18,1514.66,1512.69
1480,2020-02-12,1508.11,1520.69,1518.27,1514.48
1479,2020-02-11,1505.64,1529.63,1508.79,1511.81
1478,2020-02-10,1474.32,1509.5,1508.68,1474.32
1477,2020-02-07,1466.35,1485.84,1479.23,1467.3
1476,2020-02-06,1449.57,1482.0,1476.23,1450.33
1475,2020-02-05,1430.56,1463.84,1448.23,1462.42
1474,2020-02-04,1426.3,1469.5,1447.07,1457.07
1473,2020-02-03,1458.99,1490.0,1485.94,1462.0
1472,2020-01-31,1428.53,1470.13,1434.23,1468.9
1471,2020-01-30,1436.4,1457.28,1455.84,1439.96
1470,2020-01-29,1446.74,1465.43,1458.63,1458.8
1469,2020-01-28,1432.47,1456.0,1452.56,1443.0
1468,2020-01-27,1421.2,1438.07,1433.9,1431.0
1467,2020-01-24,1465.25,1495.49,1466.71,1493.59
1466,2020-01-23,1482.1,1495.52,1486.65,1487.64
1465,2020-01-22,1484.93,1503.21,1485.95,1491.0
1464,2020-01-21,1471.2,1491.85,1484.4,1479.12
1463,2020-01-17,1458.22,1481.3,1480.39,1462.91
1462,2020-01-16,1440.92,1451.99,1451.7,1447.44
1461,2020-01-15,1430.21,1441.39,1439.2,1430.21
1460,2020-01-14,1428.37,1441.8,1430.88,1439.01
1459,2020-01-13,1426.02,1440.52,1439.23,1436.13
1458,2020-01-10,1418.35,1434.93,1429.73,1427.56
1457,2020-01-09,1410.27,1427.33,1419.83,1420.57
1456,2020-01-08,1390.84,1411.58,1404.32,1392.08
1455,2020-01-07,1390.38,1402.99,1393.34,1397.94
1454,2020-01-06,1350.0,1396.5,1394.21,1350.0
1453,2020-01-03,1345.54,1372.5,1360.66,1347.86
1452,2020-01-02,1341.55,1368.14,1367.37,1341.55
1451,2019-12-31,1329.09,1338.0,1337.02,1330.11
1450,2019-12-30,1334.02,1353.0,1336.14,1350.0
1449,2019-12-27,1349.31,1364.53,1351.89,1362.99
1448,2019-12-26,1344.47,1361.33,1360.4,1346.17
1447,2019-12-24,1342.78,1350.26,1343.56,1348.5
1446,2019-12-23,1346.51,1359.8,1348.84,1355.87
1445,2019-12-20,1349.0,1363.64,1349.59,1363.35
1444,2019-12-19,1348.98,1358.1,1356.04,1351.82
1443,2019-12-18,1351.0,1360.47,1352.62,1356.6
1442,2019-12-17,1351.32,1365.0,1355.12,1362.89
1441,2019-12-16,1352.67,1364.68,1361.17,1356.5
1440,2019-12-13,1343.87,1353.09,1347.83,1347.95
1439,2019-12-12,1340.5,1355.78,1350.27,1345.94
1438,2019-12-11,1342.67,1351.2,1345.02,1350.84
1437,2019-12-10,1336.04,1349.97,1344.66,1341.5
1436,2019-12-09,1337.84,1359.45,1343.56,1338.04
1435,2019-12-06,1333.44,1344.0,1340.62,1333.44
1434,2019-12-05,1316.44,1329.36,1328.13,1328.0
1433,2019-12-04,1304.87,1325.8,1320.54,1307.01
1432,2019-12-03,1279.0,1298.46,1295.28,1279.57
1431,2019-12-02,1281.0,1305.83,1289.92,1301.0
1430,2019-11-29,1303.97,1310.2,1304.96,1307.12
1429,2019-11-27,1309.63,1318.36,1312.99,1315.0
1428,2019-11-26,1305.09,1314.8,1313.55,1309.86
1427,2019-11-25,1298.13,1311.31,1306.69,1299.18
1426,2019-11-22,1291.41,1308.73,1295.34,1305.62
1425,2019-11-21,1293.0,1312.59,1301.35,1301.48
1424,2019-11-20,1291.15,1315.0,1303.05,1311.74
1423,2019-11-19,1312.8,1327.7,1315.46,1327.7
1422,2019-11-18,1317.5,1335.53,1320.7,1332.22
1421,2019-11-15,1314.28,1334.88,1334.87,1318.94
1420,2019-11-14,1295.65,1317.0,1311.46,1297.5
1419,2019-11-13,1293.51,1304.3,1298.0,1294.07
1418,2019-11-12,1295.77,1310.0,1298.8,1300.0
1417,2019-11-11,1297.41,1306.42,1299.19,1303.18
1416,2019-11-08,1304.37,1318.0,1311.37,1305.28
1415,2019-11-07,1294.24,1323.74,1308.86,1294.28
1414,2019-11-06,1282.5,1293.73,1291.8,1289.46
1413,2019-11-05,1291.23,1298.93,1292.03,1292.89
1412,2019-11-04,1276.36,1294.13,1291.37,1276.45
1411,2019-11-01,1260.5,1274.62,1273.74,1265.0
1410,2019-10-31,1250.84,1267.67,1260.11,1261.28
1409,2019-10-30,1252.0,1269.36,1261.29,1252.97
1408,2019-10-29,1257.21,1281.59,1262.62,1276.23
1407,2019-10-28,1272.54,1299.31,1290.0,1275.45
1406,2019-10-25,1250.01,1269.6,1265.13,1251.03
1405,2019-10-24,1253.71,1264.0,1260.99,1260.9
1404,2019-10-23,1242.36,1259.89,1259.13,1242.36
1403,2019-10-22,1241.38,1250.6,1242.8,1247.85
1402,2019-10-21,1240.6,1254.63,1246.15,1252.26
1401,2019-10-18,1241.08,1258.89,1245.49,1253.46
1400,2019-10-17,1249.94,1263.33,1253.07,1250.93
1399,2019-10-16,1238.45,1254.74,1243.64,1241.17
1398,2019-10-15,1220.4,1247.33,1243.01,1220.4
1397,2019-10-14,1211.76,1226.33,1217.14,1212.34
1396,2019-10-11,1213.74,1228.39,1215.45,1222.21
1395,2019-10-10,1197.34,1215.0,1208.67,1198.58
1394,2019-10-09,1197.63,1208.35,1202.31,1199.35
1393,2019-10-08,1189.01,1206.08,1189.13,1197.59
1392,2019-10-07,1203.75,1218.2,1207.68,1204.4
1391,2019-10-04,1189.17,1211.44,1209.0,1191.89
1390,2019-10-03,1162.43,1189.06,1187.83,1180.0
1389,2019-10-02,1171.29,1196.99,1176.63,1196.98
1388,2019-10-01,1203.58,1231.23,1205.1,1219.0
1387,2019-09-30,1212.3,1226.0,1219.0,1220.97
1386,2019-09-27,1214.45,1244.02,1225.09,1243.01
1385,2019-09-26,1232.27,1245.0,1241.39,1241.96
1384,2019-09-25,1210.09,1248.3,1246.52,1215.82
1383,2019-09-24,1210.68,1246.74,1218.76,1240.0
1382,2019-09-23,1224.17,1239.09,1234.03,1226.0
1381,2019-09-20,1223.08,1243.32,1229.93,1233.12
1380,2019-09-19,1232.02,1244.44,1238.71,1232.06
1379,2019-09-18,1216.53,1235.61,1232.41,1227.51
1378,2019-09-17,1223.69,1235.0,1229.15,1230.4
1377,2019-09-16,1225.61,1239.56,1231.3,1229.52
1376,2019-09-13,1227.01,1240.88,1239.56,1231.35
1375,2019-09-12,1223.02,1241.86,1234.25,1224.3
1374,2019-09-11,1202.2,1222.6,1220.17,1203.41
1373,2019-09-10,1194.58,1210.0,1206.0,1195.15
1372,2019-09-09,1192.62,1220.0,1204.41,1204.0
1371,2019-09-06,1202.52,1212.02,1204.93,1208.13
1370,2019-09-05,1191.53,1213.04,1211.38,1191.53
1369,2019-09-04,1171.0,1183.48,1181.41,1176.71
1368,2019-09-03,1163.2,1186.89,1168.39,1177.03
1367,2019-08-30,1183.8,1198.5,1188.1,1198.5
1366,2019-08-29,1181.12,1196.06,1192.85,1181.12
1365,2019-08-28,1157.3,1176.42,1171.02,1161.71
1364,2019-08-27,1161.45,1182.4,1167.84,1180.53
1363,2019-08-26,1152.96,1169.47,1168.89,1157.26
1362,2019-08-23,1147.75,1194.08,1151.29,1181.99
1361,2019-08-22,1178.58,1198.01,1189.53,1194.07
1360,2019-08-21,1187.43,1199.0,1191.25,1193.15
1359,2019-08-20,1182.11,1196.06,1182.69,1195.25
1358,2019-08-19,1190.09,1206.99,1198.45,1190.09
1357,2019-08-16,1171.81,1182.72,1177.6,1179.55
1356,2019-08-15,1162.11,1175.84,1167.26,1163.5
1355,2019-08-14,1160.54,1182.3,1164.29,1176.31
1354,2019-08-13,1171.46,1204.78,1197.27,1171.46
1353,2019-08-12,1167.67,1184.96,1174.71,1179.21
1352,2019-08-09,1183.6,1203.88,1188.01,1197.99
1351,2019-08-08,1173.02,1205.01,1204.8,1182.83
1350,2019-08-07,1149.62,1178.45,1173.99,1156.0
1349,2019-08-06,1160.0,1179.96,1169.95,1163.31
1348,2019-08-05,1140.14,1175.24,1152.32,1170.04
1347,2019-08-02,1188.94,1206.9,1193.99,1200.74
1346,2019-08-01,1205.72,1234.11,1209.01,1214.03
1345,2019-07-31,1207.76,1234.0,1216.68,1223.0
1344,2019-07-30,1223.3,1234.87,1225.14,1225.41
1343,2019-07-29,1228.23,1247.37,1239.41,1241.05
1342,2019-07-26,1224.0,1265.55,1250.41,1224.04
1341,2019-07-25,1120.92,1141.7,1132.12,1137.82
1340,2019-07-24,1126.99,1144.0,1137.81,1131.9
1339,2019-07-23,1131.8,1146.9,1146.21,1144.0
1338,2019-07-22,1124.24,1139.25,1138.07,1133.45
1337,2019-07-19,1129.62,1151.14,1130.1,1148.19
1336,2019-07-18,1132.73,1147.61,1146.33,1141.74
1335,2019-07-17,1145.77,1158.36,1146.35,1150.97
1334,2019-07-16,1145.0,1158.58,1153.58,1146.0
1333,2019-07-15,1139.4,1150.82,1150.34,1146.86
1332,2019-07-12,1138.78,1147.34,1144.9,1143.99
1331,2019-07-11,1139.58,1153.07,1144.21,1143.25
1330,2019-07-10,1130.97,1142.05,1140.48,1131.22
1329,2019-07-09,1107.17,1128.03,1124.83,1111.8
1328,2019-07-08,1111.21,1125.98,1116.35,1125.17
1327,2019-07-05,1116.14,1132.88,1131.59,1117.8
1326,2019-07-03,1113.86,1126.76,1121.58,1117.41
1325,2019-07-02,1098.17,1111.77,1111.25,1102.24
1324,2019-07-01,1093.7,1107.58,1097.95,1098.0
1323,2019-06-28,1073.37,1081.0,1080.91,1076.39
1322,2019-06-27,1075.29,1087.1,1076.01,1084.0
1321,2019-06-26,1072.24,1092.97,1079.8,1086.5
1320,2019-06-25,1083.8,1114.35,1086.35,1112.66
1319,2019-06-24,1111.01,1122.0,1115.52,1119.61
1318,2019-06-21,1108.08,1124.11,1121.88,1109.24
1317,2019-06-20,1104.74,1120.12,1111.42,1119.99
1316,2019-06-19,1093.48,1107.0,1102.33,1105.6
1315,2019-06-18,1098.99,1116.39,1103.6,1109.69
1314,2019-06-17,1086.28,1099.18,1092.5,1086.28
1313,2019-06-14,1080.17,1092.69,1085.35,1086.42
1312,2019-06-13,1080.15,1094.17,1088.77,1083.64
1311,2019-06-12,1067.54,1080.93,1077.03,1078.0
1310,2019-06-11,1077.6,1101.99,1078.72,1093.98
1309,2019-06-10,1072.32,1092.66,1080.38,1072.98
1308,2019-06-07,1048.4,1070.92,1066.04,1050.63
1307,2019-06-06,1033.7,1047.49,1044.34,1044.99
1306,2019-06-05,1030.49,1053.55,1042.22,1051.54
1305,2019-06-04,1033.69,1056.05,1053.05,1042.9
1304,2019-06-03,1025.0,1065.5,1036.23,1065.5
1303,2019-05-31,1100.18,1109.6,1103.63,1101.29
1302,2019-05-30,1112.12,1123.13,1117.95,1115.54
1301,2019-05-29,1108.22,1129.1,1116.46,1127.52
1300,2019-05-28,1133.12,1151.59,1134.15,1134.0
1299,2019-05-24,1131.66,1149.77,1133.47,1147.36
1298,2019-05-23,1129.22,1145.97,1140.77,1140.5
1297,2019-05-22,1145.89,1158.52,1151.42,1146.75
1296,2019-05-21,1137.94,1152.71,1149.63,1148.49
1295,2019-05-20,1131.44,1146.8,1138.85,1144.5
1294,2019-05-17,1160.01,1180.15,1162.3,1168.47
1293,2019-05-16,1162.84,1188.16,1178.98,1164.51
1292,2019-05-15,1116.67,1171.33,1164.21,1117.87
1291,2019-05-14,1119.55,1140.42,1120.44,1137.21
1290,2019-05-13,1122.11,1147.94,1132.03,1141.96
1289,2019-05-10,1142.5,1172.6,1164.27,1163.59
1288,2019-05-09,1150.85,1169.66,1162.38,1159.03
1287,2019-05-08,1165.74,1180.42,1166.27,1172.01
1286,2019-05-07,1161.04,1190.44,1174.1,1180.47
1285,2019-05-06,1166.26,1190.85,1189.39,1166.26
1284,2019-05-03,1169.0,1186.8,1185.4,1173.65
1283,2019-05-02,1155.0,1174.19,1162.61,1167.76
1282,2019-05-01,1167.18,1188.05,1168.08,1188.05
1281,2019-04-30,1175.0,1192.81,1188.48,1185.0
1280,2019-04-29,1266.29,1289.27,1287.58,1274.0
1279,2019-04-26,1260.32,1273.07,1272.18,1269.0
1278,2019-04-25,1252.03,1267.41,1263.45,1264.77
1277,2019-04-24,1255.0,1268.01,1256.0,1264.12
1276,2019-04-23,1246.38,1269.0,1264.55,1250.69
1275,2019-04-22,1228.31,1249.09,1248.84,1235.99
1274,2019-04-18,1234.61,1242.0,1236.37,1239.18
1273,2019-04-17,1227.82,1240.56,1236.34,1233.0
1272,2019-04-16,1220.12,1230.82,1227.13,1225.0
1271,2019-04-15,1209.11,1224.2,1221.1,1218.0
1270,2019-04-12,1208.11,1218.35,1217.87,1210.0
1269,2019-04-11,1200.13,1207.96,1204.62,1203.96
1268,2019-04-10,1196.43,1203.79,1202.16,1200.68
1267,2019-04-09,1193.08,1202.29,1197.25,1196.0
1266,2019-04-08,1199.86,1208.69,1203.84,1207.89
1265,2019-04-05,1205.03,1216.22,1207.15,1214.99
1264,2019-04-04,1204.13,1215.67,1215.0,1205.94
1263,2019-04-03,1200.5,1216.3,1205.92,1207.48
1262,2019-04-02,1185.71,1201.35,1200.49,1195.32
1261,2019-04-01,1182.0,1196.66,1194.43,1184.1
1260,2019-03-29,1162.88,1178.99,1173.31,1174.9
1259,2019-03-28,1159.43,1171.57,1168.49,1171.54
1258,2019-03-27,1159.37,1187.56,1173.02,1185.5
1257,2019-03-26,1176.72,1202.83,1184.62,1198.53
1256,2019-03-25,1187.04,1206.4,1193.0,1196.93
1255,2019-03-22,1202.83,1230.0,1205.5,1226.32
1254,2019-03-21,1213.15,1231.79,1231.54,1216.0
1253,2019-03-20,1196.17,1227.14,1223.97,1197.35
1252,2019-03-19,1185.87,1200.0,1198.85,1188.81
1251,2019-03-18,1177.42,1190.0,1184.26,1183.3
1250,2019-03-15,1182.61,1196.57,1184.46,1193.38
1249,2019-03-14,1184.48,1197.88,1185.55,1194.51
1248,2019-03-13,1191.94,1200.93,1193.32,1200.64
1247,2019-03-12,1178.26,1200.0,1193.2,1178.26
1246,2019-03-11,1144.45,1176.19,1175.76,1144.45
1245,2019-03-08,1123.3,1147.08,1142.32,1126.73
1244,2019-03-07,1134.91,1156.76,1143.3,1155.72
1243,2019-03-06,1155.49,1167.57,1157.86,1162.49
1242,2019-03-05,1146.19,1169.61,1162.03,1150.06
1241,2019-03-04,1130.69,1158.28,1147.8,1146.99
1240,2019-03-01,1124.75,1142.97,1140.99,1124.9
1239,2019-02-28,1111.01,1127.65,1119.92,1111.3
1238,2019-02-27,1101.0,1117.98,1116.05,1106.95
1237,2019-02-26,1099.92,1119.51,1115.13,1105.75
1236,2019-02-25,1107.27,1118.54,1109.4,1116.0
1235,2019-02-22,1095.6,1111.24,1110.37,1100.9
1234,2019-02-21,1092.52,1111.94,1096.97,1110.84
1233,2019-02-20,1105.28,1123.41,1113.8,1119.99
1232,2019-02-19,1110.0,1121.89,1118.56,1110.0
1231,2019-02-15,1110.65,1131.67,1113.65,1130.08
1230,2019-02-14,1110.44,1128.23,1121.67,1118.05
1229,2019-02-13,1118.5,1134.73,1120.16,1124.99
1228,2019-02-12,1105.85,1125.3,1121.37,1106.8
1227,2019-02-11,1092.86,1105.94,1095.01,1096.95
1226,2019-02-08,1086.55,1098.91,1095.06,1087.0
1225,2019-02-07,1086.0,1104.84,1098.71,1104.16
1224,2019-02-06,1112.77,1147.0,1115.23,1139.57
1223,2019-02-05,1117.25,1146.85,1145.99,1124.84
1222,2019-02-04,1109.02,1132.8,1132.8,1112.66
1221,2019-02-01,1104.89,1125.0,1110.75,1112.4
1220,2019-01-31,1095.41,1117.33,1116.37,1103.0
1219,2019-01-30,1066.85,1091.0,1089.06,1068.43
1218,2019-01-29,1055.86,1075.15,1060.62,1072.68
1217,2019-01-28,1063.8,1083.0,1070.08,1080.11
1216,2019-01-25,1081.82,1094.0,1090.99,1085.0
1215,2019-01-24,1060.7,1079.47,1073.9,1076.48
1214,2019-01-23,1059.75,1084.93,1075.57,1077.35
1213,2019-01-22,1063.47,1091.51,1070.52,1088.0
1212,2019-01-18,1090.9,1108.35,1098.26,1100.0
1211,2019-01-17,1073.5,1091.8,1089.9,1079.47
1210,2019-01-16,1079.34,1092.38,1080.97,1080.0
1209,2019-01-15,1047.34,1080.05,1077.15,1050.17
1208,2019-01-14,1041.26,1051.53,1044.69,1046.92
1207,2019-01-11,1048.48,1063.78,1057.19,1063.18
1206,2019-01-10,1057.71,1071.15,1070.33,1067.66
1205,2019-01-09,1066.4,1082.63,1074.66,1081.65
1204,2019-01-08,1060.53,1084.56,1076.28,1076.11
1203,2019-01-07,1054.76,1074.0,1068.39,1071.5
1202,2019-01-04,1027.42,1070.84,1070.71,1032.59
1201,2019-01-03,1014.07,1056.98,1016.06,1041.0
1200,2019-01-02,1015.71,1052.32,1045.85,1016.57
1199,2018-12-31,1023.59,1052.7,1035.61,1050.96
1198,2018-12-28,1033.1,1055.56,1037.08,1049.62
1197,2018-12-27,997.0,1043.89,1043.88,1017.15
1196,2018-12-26,983.0,1040.0,1039.46,989.01
1195,2018-12-24,970.11,1003.54,976.22,973.9
1194,2018-12-21,973.69,1024.02,979.54,1015.3
1193,2018-12-20,996.36,1034.22,1009.41,1018.13
1192,2018-12-19,1008.05,1062.0,1023.01,1033.99
1191,2018-12-18,1021.44,1049.48,1028.71,1026.09
1190,2018-12-17,1007.9,1053.15,1016.53,1037.51
1189,2018-12-14,1040.79,1062.6,1042.1,1049.98
1188,2018-12-13,1053.93,1079.76,1061.9,1068.07
1187,2018-12-12,1062.79,1081.65,1063.68,1068.0
1186,2018-12-11,1039.84,1060.6,1051.75,1056.49
1185,2018-12-10,1023.29,1048.45,1039.55,1035.05
1184,2018-12-07,1028.5,1075.26,1036.58,1060.01
1183,2018-12-06,1030.77,1071.2,1068.73,1034.26
1182,2018-12-04,1049.98,1104.42,1050.82,1103.12
1181,2018-12-03,1103.66,1124.65,1106.43,1123.14
1180,2018-11-30,1077.88,1095.57,1094.43,1089.07
1179,2018-11-29,1076.0,1094.24,1088.3,1076.08
1178,2018-11-28,1035.76,1086.84,1086.23,1048.76
1177,2018-11-27,1038.49,1057.58,1044.41,1041.0
1176,2018-11-26,1033.91,1049.31,1048.62,1038.35
1175,2018-11-23,1022.4,1037.59,1023.88,1030.0
1174,2018-11-21,1033.47,1048.56,1037.61,1036.76
1173,2018-11-20,996.02,1031.74,1025.76,1000.0
1172,2018-11-19,1016.26,1060.79,1020.0,1057.2
1171,2018-11-16,1048.98,1067.0,1061.49,1059.41
1170,2018-11-15,1031.78,1071.85,1064.71,1044.71
1169,2018-11-14,1031.0,1054.56,1043.66,1050.0
1168,2018-11-13,1031.15,1056.61,1036.05,1043.29
1167,2018-11-12,1031.0,1062.12,1038.63,1061.39
1166,2018-11-09,1053.11,1075.56,1066.15,1073.99
1165,2018-11-08,1072.2,1093.27,1082.4,1091.38
1164,2018-11-07,1065.9,1095.46,1093.39,1069.0
1163,2018-11-06,1038.07,1064.35,1055.81,1039.48
1162,2018-11-05,1021.24,1058.47,1040.09,1055.0
1161,2018-11-02,1054.61,1082.97,1057.79,1073.73
1160,2018-11-01,1062.46,1083.97,1070.0,1075.8
1159,2018-10-31,1057.0,1091.94,1076.77,1059.81
1158,2018-10-30,1000.75,1037.49,1036.21,1008.46
1157,2018-10-29,995.83,1097.04,1020.08,1082.47
1156,2018-10-26,1034.09,1106.53,1071.47,1037.03
1155,2018-10-25,1069.55,1110.98,1095.57,1071.79
1154,2018-10-24,1048.74,1106.12,1050.71,1104.25
1153,2018-10-23,1070.0,1107.89,1103.69,1080.89
1152,2018-10-22,1091.0,1112.23,1101.16,1103.06
1151,2018-10-19,1087.75,1110.36,1096.46,1093.37
1150,2018-10-18,1077.09,1121.84,1087.97,1121.84
1149,2018-10-17,1102.19,1128.99,1115.69,1126.46
1148,2018-10-16,1102.5,1124.22,1121.28,1104.59
1147,2018-10-15,1089.0,1113.45,1092.25,1108.91
1146,2018-10-12,1086.4,1115.0,1110.08,1108.0
1145,2018-10-11,1068.27,1106.4,1079.32,1072.94
1144,2018-10-10,1081.13,1132.17,1081.22,1131.08
1143,2018-10-09,1137.57,1154.35,1138.82,1146.15
1142,2018-10-08,1127.36,1168.0,1148.97,1150.11
1141,2018-10-05,1145.12,1173.5,1157.35,1167.5
1140,2018-10-04,1155.58,1197.51,1168.19,1195.33
1139,2018-10-03,1193.83,1206.41,1202.95,1205.0
1138,2018-10-02,1186.63,1209.96,1200.11,1190.96
1137,2018-10-01,1190.3,1209.9,1195.31,1199.89
1136,2018-09-28,1184.5,1195.41,1193.47,1191.87
1135,2018-09-27,1183.63,1202.1,1194.64,1186.73
1134,2018-09-26,1174.77,1194.23,1180.49,1185.15
1133,2018-09-25,1168.0,1186.88,1184.65,1176.15
1132,2018-09-24,1146.91,1178.0,1173.37,1157.17
1131,2018-09-21,1166.04,1192.21,1166.09,1192.0
1130,2018-09-20,1173.36,1189.89,1186.87,1179.99
1129,2018-09-19,1154.58,1173.21,1171.09,1164.98
1128,2018-09-18,1157.09,1176.08,1161.22,1157.09
1127,2018-09-17,1154.03,1177.24,1156.05,1170.14
1126,2018-09-14,1168.33,1180.42,1172.53,1179.1
1125,2018-09-13,1162.85,1178.61,1175.33,1170.74
1124,2018-09-12,1158.36,1178.61,1162.82,1172.72
1123,2018-09-11,1156.24,1178.68,1177.36,1161.63
1122,2018-09-10,1160.11,1174.54,1164.64,1172.19
1121,2018-09-07,1157.21,1175.26,1164.83,1158.67
1120,2018-09-06,1152.0,1186.3,1171.44,1186.3
1119,2018-09-05,1162.0,1199.01,1186.48,1193.8
1118,2018-09-04,1192.5,1212.99,1197.0,1204.27
1117,2018-08-31,1211.29,1238.66,1218.19,1234.98
1116,2018-08-30,1232.59,1253.63,1239.12,1244.23
1115,2018-08-29,1236.36,1250.66,1249.3,1237.45
1114,2018-08-28,1228.69,1242.55,1231.15,1241.29
1113,2018-08-27,1225.72,1243.09,1241.82,1227.6
1112,2018-08-24,1206.36,1221.65,1220.65,1208.82
1111,2018-08-23,1204.24,1221.28,1205.38,1207.14
1110,2018-08-22,1199.0,1211.84,1207.33,1200.0
1109,2018-08-21,1200.35,1217.26,1201.62,1208.0
1108,2018-08-20,1194.63,1211.0,1207.77,1205.02
1107,2018-08-17,1188.24,1209.02,1200.96,1202.03
1106,2018-08-16,1202.55,1226.0,1206.49,1224.73
1105,2018-08-15,1209.51,1235.24,1214.38,1229.26
1104,2018-08-14,1225.11,1245.87,1242.1,1235.19
1103,2018-08-13,1233.64,1249.27,1235.01,1236.98
1102,2018-08-10,1232.0,1245.69,1237.61,1243.0
1101,2018-08-09,1246.01,1255.54,1249.1,1249.9
1100,2018-08-08,1238.01,1256.5,1245.61,1240.47
1099,2018-08-07,1236.17,1251.17,1242.22,1237.0
1098,2018-08-06,1215.8,1226.09,1224.77,1225.0
1097,2018-08-03,1215.06,1230.0,1223.71,1229.62
1096,2018-08-02,1204.79,1229.88,1226.15,1205.9
1095,2018-08-01,1210.21,1233.47,1220.01,1228.0
1094,2018-07-31,1205.6,1227.59,1217.26,1220.01
1093,2018-07-30,1211.47,1234.92,1219.74,1228.01
1092,2018-07-27,1231.0,1273.89,1238.5,1271.0
1091,2018-07-26,1249.02,1269.77,1268.33,1251.0
1090,2018-07-25,1239.13,1265.86,1263.7,1239.13
1089,2018-07-24,1235.56,1266.0,1248.08,1262.59
1088,2018-07-23,1181.0,1206.49,1205.5,1181.01
1087,2018-07-20,1184.22,1196.86,1184.91,1186.96
1086,2018-07-19,1183.32,1200.0,1186.96,1191.0
1085,2018-07-18,1190.34,1204.5,1195.88,1196.56
1084,2018-07-17,1170.6,1203.04,1198.8,1172.22
1083,2018-07-16,1179.28,1191.0,1183.86,1189.39
1082,2018-07-13,1180.0,1195.42,1188.82,1185.0
1081,2018-07-12,1155.93,1184.41,1183.48,1159.89
1080,2018-07-11,1141.0,1164.29,1153.9,1144.59
1079,2018-07-10,1149.59,1159.59,1152.84,1156.98
1078,2018-07-09,1143.42,1154.67,1154.05,1148.48
1077,2018-07-06,1120.74,1140.93,1140.17,1123.58
1076,2018-07-05,1108.48,1127.5,1124.27,1110.53
1075,2018-07-03,1100.02,1135.82,1102.89,1135.82
1074,2018-07-02,1093.8,1128.0,1127.46,1099.0
1073,2018-06-29,1115.0,1128.23,1115.65,1120.0
1072,2018-06-28,1096.01,1122.31,1114.22,1102.09
1071,2018-06-27,1103.62,1131.84,1103.98,1121.34
1070,2018-06-26,1116.66,1133.21,1118.46,1128.0
1069,2018-06-25,1112.78,1143.91,1124.81,1143.6
1068,2018-06-22,1147.26,1162.5,1155.48,1159.14
1067,2018-06-21,1152.23,1177.3,1157.66,1174.85
1066,2018-06-20,1169.16,1186.29,1169.84,1175.31
1065,2018-06-19,1154.01,1171.27,1168.06,1158.5
1064,2018-06-18,1143.59,1174.31,1173.46,1143.65
1063,2018-06-15,1143.48,1153.42,1152.26,1148.86
1062,2018-06-14,1140.64,1155.47,1152.12,1143.85
1061,2018-06-13,1133.38,1146.5,1134.79,1141.12
1060,2018-06-12,1130.73,1139.79,1139.32,1131.07
1059,2018-06-11,1118.6,1137.26,1129.99,1118.6
1058,2018-06-08,1112.15,1126.67,1120.87,1118.18
1057,2018-06-07,1116.52,1135.82,1123.86,1131.32
1056,2018-06-06,1125.74,1143.0,1136.88,1142.17
1055,2018-06-05,1133.19,1145.74,1139.66,1140.99
1054,2018-06-04,1122.01,1141.89,1139.29,1122.33
1053,2018-06-01,1098.5,1120.0,1119.5,1099.35
1052,2018-05-31,1067.56,1097.19,1084.99,1067.56
1051,2018-05-30,1056.83,1069.21,1067.8,1063.03
1050,2018-05-29,1055.22,1073.37,1060.32,1064.89
1049,2018-05-25,1073.78,1082.56,1075.66,1079.02
1048,2018-05-24,1066.15,1080.47,1079.24,1079.0
1047,2018-05-23,1061.71,1080.78,1079.69,1065.13
1046,2018-05-22,1066.69,1086.59,1069.73,1083.56
1045,2018-05-21,1073.65,1088.0,1079.58,1074.06
1044,2018-05-18,1060.68,1069.94,1066.36,1061.86
1043,2018-05-17,1073.5,1086.87,1078.59,1079.89
1042,2018-05-16,1076.26,1089.27,1081.77,1077.31
1041,2018-05-15,1073.47,1090.05,1079.23,1090.0
1040,2018-05-14,1099.11,1110.75,1100.2,1100.0
1039,2018-05-11,1090.91,1101.33,1098.26,1093.6
1038,2018-05-10,1085.64,1100.44,1097.57,1086.03
1037,2018-05-09,1056.37,1085.44,1082.76,1058.1
1036,2018-05-08,1047.14,1060.55,1053.91,1058.54
1035,2018-05-07,1047.1,1061.68,1054.79,1049.23
1034,2018-05-04,1016.9,1048.51,1048.21,1016.9
1033,2018-05-03,1006.29,1029.67,1023.72,1019.0
1032,2018-05-02,1022.87,1040.39,1024.38,1028.1
1031,2018-05-01,1008.21,1038.47,1037.31,1013.66
1030,2018-04-30,1016.85,1037.0,1017.33,1030.01
1029,2018-04-27,1025.59,1049.5,1030.05,1046.0
1028,2018-04-26,1018.19,1047.98,1040.04,1029.51
1027,2018-04-25,1015.31,1032.49,1021.18,1025.52
1026,2018-04-24,1010.59,1057.0,1019.98,1052.0
1025,2018-04-23,1060.7,1082.72,1067.45,1077.86
1024,2018-04-20,1069.57,1092.35,1072.96,1082.0
1023,2018-04-19,1068.18,1094.16,1087.7,1069.4
1022,2018-04-18,1066.22,1077.43,1072.08,1077.43
1021,2018-04-17,1048.26,1077.88,1074.16,1051.37
1020,2018-04-16,1026.74,1043.24,1037.98,1037.0
1019,2018-04-13,1022.98,1046.42,1029.27,1040.88
1018,2018-04-12,1021.43,1040.69,1032.51,1025.04
1017,2018-04-11,1015.87,1031.36,1019.97,1027.99
1016,2018-04-10,1011.34,1036.28,1031.64,1026.44
1015,2018-04-09,1014.08,1039.6,1015.45,1016.8
1014,2018-04-06,1003.03,1031.42,1007.04,1020.0
1013,2018-04-05,1020.13,1042.79,1027.81,1041.33
1012,2018-04-04,993.0,1028.72,1025.14,993.41
1011,2018-04-03,994.07,1020.99,1013.41,1013.91
1010,2018-04-02,990.37,1034.8,1006.47,1022.82
1009,2018-03-29,1002.9,1043.0,1031.79,1011.63
1008,2018-03-28,980.64,1024.23,1004.56,998.0
1007,2018-03-27,996.92,1064.84,1005.1,1063.0
1006,2018-03-26,1008.4,1055.63,1053.21,1046.0
1005,2018-03-23,1021.22,1063.36,1021.57,1047.03
1004,2018-03-22,1045.91,1082.9,1049.08,1081.88
1003,2018-03-21,1085.15,1106.3,1090.88,1092.74
1002,2018-03-20,1083.46,1105.2,1097.71,1099.0
1001,2018-03-19,1089.01,1121.99,1099.82,1120.01
1000,2018-03-16,1131.96,1155.88,1135.73,1154.14
999,2018-03-15,1134.54,1161.08,1149.58,1149.96
998,2018-03-14,1141.44,1158.59,1149.49,1145.21
997,2018-03-13,1133.33,1176.76,1138.17,1170.0
996,2018-03-12,1157.42,1177.05,1164.5,1163.85
995,2018-03-09,1132.46,1160.8,1160.04,1136.0
994,2018-03-08,1112.8,1127.6,1126.0,1115.32
993,2018-03-07,1085.48,1112.22,1109.64,1089.19
992,2018-03-06,1089.78,1101.85,1095.06,1099.22
991,2018-03-05,1069.0,1097.1,1090.93,1075.14
990,2018-03-02,1048.12,1082.0,1078.92,1053.08
989,2018-03-01,1067.0,1110.12,1069.52,1107.87
988,2018-02-28,1103.24,1127.53,1104.73,1123.03
987,2018-02-27,1118.0,1144.04,1118.29,1141.24
986,2018-02-26,1126.69,1143.96,1143.75,1127.8
985,2018-02-23,1104.71,1127.28,1126.79,1112.64
984,2018-02-22,1102.59,1122.82,1106.63,1116.19
983,2018-02-21,1106.33,1133.97,1111.34,1106.47
982,2018-02-20,1088.52,1113.95,1102.46,1090.57
981,2018-02-16,1088.31,1104.67,1094.8,1088.41
980,2018-02-15,1064.34,1091.48,1089.52,1079.07
979,2018-02-14,1046.75,1071.72,1069.7,1048.95
978,2018-02-13,1044.09,1058.37,1052.1,1045.0
977,2018-02-12,1040.93,1061.5,1051.94,1048.0
976,2018-02-09,992.56,1043.97,1037.78,1017.25
975,2018-02-08,1000.66,1058.62,1001.52,1055.41
974,2018-02-07,1048.26,1081.78,1048.58,1081.54
973,2018-02-06,1023.14,1081.71,1080.6,1027.18
972,2018-02-05,1052.03,1110.0,1055.8,1090.6
971,2018-02-02,1107.28,1123.07,1111.9,1122.0
970,2018-02-01,1157.52,1174.0,1167.7,1162.61
969,2018-01-31,1159.13,1173.0,1169.94,1170.57
968,2018-01-30,1163.52,1176.52,1163.69,1167.83
967,2018-01-29,1171.98,1186.89,1175.58,1176.48
966,2018-01-26,1158.11,1175.84,1175.84,1175.08
965,2018-01-25,1162.76,1175.94,1170.37,1172.53
964,2018-01-24,1161.05,1179.86,1164.24,1177.33
963,2018-01-23,1158.75,1171.63,1169.97,1159.85
962,2018-01-22,1135.11,1159.88,1155.81,1137.49
961,2018-01-19,1128.3,1137.86,1137.51,1131.83
960,2018-01-18,1117.5,1132.51,1129.79,1131.41
959,2018-01-17,1117.01,1132.6,1131.98,1126.22
958,2018-01-16,1117.83,1139.91,1121.76,1132.51
957,2018-01-12,1101.15,1124.29,1122.26,1102.41
956,2018-01-11,1099.59,1106.53,1105.52,1106.3
955,2018-01-10,1096.11,1104.6,1102.61,1097.1
954,2018-01-09,1101.23,1110.57,1106.26,1109.4
953,2018-01-08,1101.62,1111.27,1106.94,1102.23
952,2018-01-05,1092.0,1104.25,1102.23,1094.0
951,2018-01-04,1084.0,1093.57,1086.4,1088.0
950,2018-01-03,1063.21,1086.29,1082.48,1064.31
949,2018-01-02,1045.23,1066.94,1065.0,1048.34
948,2017-12-29,1044.9,1049.7,1046.4,1046.72
947,2017-12-28,1044.77,1054.75,1048.14,1051.6
946,2017-12-27,1048.05,1058.37,1049.37,1057.39
945,2017-12-26,1050.2,1060.12,1056.74,1058.07
944,2017-12-22,1059.44,1064.2,1060.12,1061.11
943,2017-12-21,1061.79,1069.33,1063.63,1064.95
942,2017-12-20,1061.52,1073.38,1064.95,1071.78
941,2017-12-19,1063.55,1076.84,1070.68,1075.2
940,2017-12-18,1062.0,1078.49,1077.14,1066.08
939,2017-12-15,1049.5,1067.62,1064.19,1054.61
938,2017-12-14,1043.11,1058.5,1049.15,1045.0
937,2017-12-13,1038.38,1046.66,1040.61,1046.12
936,2017-12-12,1033.69,1050.31,1040.48,1039.63
935,2017-12-11,1032.05,1043.8,1041.1,1035.5
934,2017-12-08,1032.52,1042.05,1037.05,1037.49
933,2017-12-07,1018.07,1034.24,1030.93,1020.43
932,2017-12-06,1001.14,1024.97,1018.38,1001.5
931,2017-12-05,988.28,1020.61,1005.15,995.94
930,2017-12-04,995.57,1016.1,998.68,1012.66
929,2017-12-01,1002.02,1022.49,1010.17,1015.8
928,2017-11-30,1015.0,1028.49,1021.41,1022.37
927,2017-11-29,1015.65,1044.08,1021.66,1042.68
926,2017-11-28,1040.0,1062.38,1047.41,1055.09
925,2017-11-27,1038.44,1055.46,1054.21,1040.0
924,2017-11-24,1035.0,1043.18,1040.61,1035.87
923,2017-11-22,1031.43,1039.706,1035.96,1035.0
922,2017-11-21,1022.655,1035.11,1034.49,1023.31
921,2017-11-20,1017.5,1022.61,1018.38,1020.26
920,2017-11-17,1017.75,1034.42,1019.09,1034.01
919,2017-11-16,1022.52,1035.92,1032.5,1022.52
918,2017-11-15,1015.42,1024.09,1020.91,1019.21
917,2017-11-14,1014.15,1026.81,1026.0,1022.59
916,2017-11-13,1022.57,1031.58,1025.75,1023.42
915,2017-11-10,1025.28,1030.76,1028.07,1026.46
914,2017-11-09,1019.666,1033.99,1031.26,1033.99
913,2017-11-08,1028.45,1043.522,1039.85,1030.52
912,2017-11-07,1025.13,1033.97,1033.33,1027.27
911,2017-11-06,1025.0,1034.87,1025.9,1028.99
910,2017-11-03,1020.31,1032.65,1032.48,1022.11
909,2017-11-02,1013.01,1028.09,1025.58,1021.76
908,2017-11-01,1016.95,1029.67,1025.5,1017.21
907,2017-10-31,1010.42,1024.0,1016.64,1015.22
906,2017-10-30,1007.5,1024.97,1017.11,1014.0
905,2017-10-27,1008.2,1048.39,1019.27,1009.19
904,2017-10-26,972.2,987.6,972.56,980.0
903,2017-10-25,960.52,976.09,973.33,968.37
902,2017-10-24,961.0,972.23,970.54,970.0
901,2017-10-23,966.12,989.52,968.45,989.52
900,2017-10-20,984.58,991.0,988.2,989.44
899,2017-10-19,978.39,988.88,984.45,986.0
898,2017-10-18,986.975,996.72,992.81,991.77
897,2017-10-17,988.59,996.44,992.18,990.29
896,2017-10-16,984.0,993.907,992.0,992.1
895,2017-10-13,989.0,997.21,989.68,992.0
894,2017-10-12,985.0,994.12,987.83,987.45
893,2017-10-11,972.25,990.71,989.25,973.72
892,2017-10-10,966.08,981.57,972.6,980.0
891,2017-10-09,976.11,985.425,977.0,980.0
890,2017-10-06,963.36,979.46,978.89,966.7
889,2017-10-05,955.18,970.91,969.96,955.49
888,2017-10-04,950.69,960.39,951.68,957.0
887,2017-10-03,949.14,958.0,957.79,954.0
886,2017-10-02,947.84,962.54,953.27,959.98
885,2017-09-29,951.51,959.786,959.11,952.0
884,2017-09-28,940.55,950.69,949.5,941.36
883,2017-09-27,927.74,949.9,944.49,927.74
882,2017-09-26,921.14,930.82,924.86,923.72
881,2017-09-25,909.7,926.4,920.97,925.45
880,2017-09-22,926.48,934.73,928.53,927.75
879,2017-09-21,923.83,936.53,932.45,933.0
878,2017-09-20,922.0,933.88,931.58,922.98
877,2017-09-19,912.55,922.42,921.81,917.42
876,2017-09-18,910.6,922.08,915.0,920.01
875,2017-09-15,916.36,926.49,920.29,924.66
874,2017-09-14,924.0,932.77,925.11,931.25
873,2017-09-13,929.86,937.25,935.09,930.66
872,2017-09-12,923.861,933.48,932.07,932.59
871,2017-09-11,926.92,938.38,929.08,934.25
870,2017-09-08,924.88,936.99,926.5,936.49
869,2017-09-07,923.62,936.41,935.95,931.73
868,2017-09-06,919.27,930.915,927.81,930.15
867,2017-09-05,921.96,937.0,928.45,933.08
866,2017-09-01,935.15,942.48,937.34,941.13
865,2017-08-31,931.76,941.98,939.33,931.76
864,2017-08-30,919.65,930.819,929.57,920.05
863,2017-08-29,905.0,923.33,921.29,905.1
862,2017-08-28,911.87,919.245,913.81,916.0
861,2017-08-25,915.5,925.555,915.89,923.49
860,2017-08-24,915.5,930.84,921.28,928.66
859,2017-08-23,919.36,929.93,927.0,921.93
858,2017-08-22,911.475,925.86,924.69,912.72
857,2017-08-21,903.4,913.0,906.66,910.0
856,2017-08-18,907.154,915.275,910.67,910.31
855,2017-08-17,910.98,926.86,910.98,925.78
854,2017-08-16,923.445,932.7,926.96,925.29
853,2017-08-15,919.82,926.55,922.22,924.23
852,2017-08-14,918.19,924.668,922.67,922.53
851,2017-08-11,905.58,917.78,914.39,907.97
850,2017-08-10,906.13,919.26,907.24,917.55
849,2017-08-09,917.25,925.98,922.9,920.61
848,2017-08-08,925.61,935.814,926.79,927.09
847,2017-08-07,926.5,931.7,929.36,929.06
846,2017-08-04,923.03,930.307,927.96,926.75
845,2017-08-03,922.24,932.24,923.65,930.34
844,2017-08-02,916.68,932.6,930.39,928.61
843,2017-08-01,929.26,937.447,930.83,932.38
842,2017-07-31,926.04,943.59,930.5,941.89
841,2017-07-28,927.5,943.83,941.53,929.4
840,2017-07-27,920.0,951.78,934.09,951.78
839,2017-07-26,942.279,955.0,947.8,954.68
838,2017-07-25,945.4,959.7,950.7,953.81
837,2017-07-24,970.77,986.2,980.34,972.22
836,2017-07-21,960.15,973.23,972.92,962.25
835,2017-07-20,961.51,975.9,968.15,975.0
834,2017-07-19,964.03,973.04,970.89,967.84
833,2017-07-18,950.6,968.04,965.4,953.0
832,2017-07-17,949.241,960.74,953.42,957.0
831,2017-07-14,948.005,956.91,955.99,952.0
830,2017-07-13,943.01,954.45,947.16,946.29
829,2017-07-12,934.47,946.3,943.83,938.68
828,2017-07-11,922.0,931.43,930.09,929.54
827,2017-07-10,919.59,930.38,928.8,921.77
826,2017-07-07,908.85,921.54,918.59,908.85
825,2017-07-06,899.7,914.9444,906.69,904.12
824,2017-07-05,898.5,914.51,911.71,901.76
823,2017-07-03,894.79,913.94,898.7,912.18
822,2017-06-30,908.31,926.05,908.73,926.05
821,2017-06-29,910.62,931.26,917.79,929.92
820,2017-06-28,916.0,942.75,940.49,929.0
819,2017-06-27,926.85,948.29,927.33,942.46
818,2017-06-26,950.79,973.31,952.27,969.9
817,2017-06-23,954.2,966.0,965.59,956.83
816,2017-06-22,954.55,960.72,957.09,958.7
815,2017-06-21,950.76,960.1,959.45,953.64
814,2017-06-20,950.01,961.62,950.63,957.52
813,2017-06-19,949.05,959.99,957.37,949.96
812,2017-06-16,931.595,942.04,939.78,940.0
811,2017-06-15,924.44,943.339,942.31,933.97
810,2017-06-14,942.25,961.15,950.76,959.92
809,2017-06-13,944.09,959.98,953.4,951.91
808,2017-06-12,915.233,949.355,942.9,939.56
807,2017-06-09,935.63,984.5,949.83,984.5
806,2017-06-08,977.2,984.57,983.41,982.35
805,2017-06-07,975.94,983.98,980.94,980.0
804,2017-06-06,975.14,988.25,976.57,983.16
803,2017-06-05,975.1,986.91,983.68,976.55
802,2017-06-02,966.0,975.88,975.6,969.46
801,2017-06-01,960.01,971.5,966.95,968.95
800,2017-05-31,960.18,979.27,964.86,975.02
799,2017-05-30,969.49,976.2,975.88,970.31
798,2017-05-26,965.03,974.98,971.47,969.7
797,2017-05-25,955.47,972.629,969.54,957.33
796,2017-05-24,949.5,955.09,954.96,952.98
795,2017-05-23,942.575,951.467,948.82,947.92
794,2017-05-22,935.0,941.883,941.86,935.0
793,2017-05-19,931.0,937.755,934.01,931.47
792,2017-05-18,918.75,933.17,930.24,921.0
791,2017-05-17,918.14,939.333,919.62,935.67
790,2017-05-16,937.58,943.11,943.0,940.0
789,2017-05-15,929.34,938.25,937.08,932.95
788,2017-05-12,927.85,933.44,932.22,931.53
787,2017-05-11,923.03,932.53,930.6,925.32
786,2017-05-10,925.16,932.0,928.78,931.98
785,2017-05-09,929.53,937.5,932.17,936.95
784,2017-05-08,925.26,936.925,934.3,926.12
783,2017-05-05,925.2,934.9,927.13,933.54
782,2017-05-04,924.59,935.93,931.66,926.07
781,2017-05-03,912.543,928.1,927.04,914.86
780,2017-05-02,909.453,920.77,916.44,909.62
779,2017-05-01,901.45,915.68,912.57,901.94
778,2017-04-28,905.77,916.85,905.96,910.66
777,2017-04-27,870.38,875.4,874.25,873.6
776,2017-04-26,867.748,876.05,871.73,874.23
775,2017-04-25,862.81,875.0,872.3,865.0
774,2017-04-24,849.86,863.45,862.76,851.2
773,2017-04-21,840.6,843.88,843.19,842.88
772,2017-04-20,839.32,845.2,841.65,841.44
771,2017-04-19,836.29,842.22,838.21,839.79
770,2017-04-18,832.71,838.93,836.82,834.22
769,2017-04-17,824.47,837.75,837.17,825.01
768,2017-04-13,821.44,826.38,823.56,822.14
767,2017-04-12,821.02,826.66,824.32,821.93
766,2017-04-11,817.02,827.427,823.35,824.71
765,2017-04-10,823.77,829.35,824.73,825.39
764,2017-04-07,820.513,828.485,824.67,827.96
763,2017-04-06,826.46,836.39,827.88,832.4
762,2017-04-05,830.72,842.45,831.41,835.51
761,2017-04-04,829.036,835.18,834.57,831.36
760,2017-04-03,829.22,840.85,838.55,829.22
759,2017-03-31,827.39,831.64,829.56,828.97
758,2017-03-30,829.0,833.68,831.5,833.5
757,2017-03-29,822.3801,832.765,831.41,825.0
756,2017-03-28,814.027,825.99,820.92,820.41
755,2017-03-27,803.37,821.63,819.51,806.95
754,2017-03-24,808.89,821.93,814.43,820.08
753,2017-03-23,812.257,822.57,817.58,821.0
752,2017-03-22,827.1801,835.55,829.59,831.91
751,2017-03-21,829.02,853.5,830.46,851.4
750,2017-03-20,845.15,850.22,848.4,850.01
749,2017-03-17,847.11,853.4,852.12,851.61
748,2017-03-16,846.13,850.85,848.78,849.03
747,2017-03-15,840.77,848.63,847.2,847.59
746,2017-03-14,840.8,847.24,845.62,843.64
745,2017-03-13,843.25,848.685,845.54,844.0
744,2017-03-10,839.5,844.91,843.25,843.28
743,2017-03-09,834.21,842.0,838.68,836.0
742,2017-03-08,831.79,838.15,835.37,833.51
741,2017-03-07,826.52,833.41,831.91,827.4
740,2017-03-06,822.4,828.88,827.78,826.95
739,2017-03-03,825.751,831.36,829.08,830.56
738,2017-03-02,829.64,834.51,830.63,833.85
737,2017-03-01,827.26,836.255,835.24,828.85
736,2017-02-28,820.2,828.54,823.21,825.61
735,2017-02-27,824.0,830.5,829.28,824.55
734,2017-02-24,824.2,829.0,828.64,827.73
733,2017-02-23,822.88,832.46,831.33,830.12
732,2017-02-22,828.64,833.25,830.76,828.66
731,2017-02-21,828.35,833.45,831.66,828.66
730,2017-02-17,821.655,828.07,828.07,823.02
729,2017-02-16,818.98,824.4,824.16,819.93
728,2017-02-15,818.47,823.0,818.98,819.36
727,2017-02-14,816.0,823.0,820.45,819.0
726,2017-02-13,815.49,820.959,819.24,816.0
725,2017-02-10,809.78,815.25,813.67,811.7
724,2017-02-09,804.54,810.66,809.56,809.51
723,2017-02-08,803.1903,811.84,808.38,807.0
722,2017-02-07,801.78,810.5,806.97,803.99
721,2017-02-06,795.2501,801.67,801.34,799.7
720,2017-02-03,800.37,806.0,801.49,802.99
719,2017-02-02,792.0,802.7,798.53,793.8
718,2017-02-01,791.19,801.19,795.695,799.68
717,2017-01-31,790.52,801.25,796.79,796.86
716,2017-01-30,799.8,815.84,802.32,814.66
715,2017-01-27,820.44,841.95,823.31,834.71
714,2017-01-26,827.01,838.0,832.15,837.81
713,2017-01-25,825.06,835.77,835.67,829.62
712,2017-01-24,817.821,825.9,823.87,822.3
711,2017-01-23,803.74,820.87,819.31,807.25
710,2017-01-20,801.69,806.91,805.02,806.91
709,2017-01-19,801.8,809.48,802.175,805.12
708,2017-01-18,800.99,806.205,806.07,805.81
707,2017-01-17,800.37,807.14,804.61,807.08
706,2017-01-13,806.69,811.2244,807.88,807.48
705,2017-01-12,799.17,807.39,806.36,807.14
704,2017-01-11,801.37,808.15,807.91,805.0
703,2017-01-10,803.51,809.1299,804.79,807.86
702,2017-01-09,802.83,809.9664,806.65,806.4
701,2017-01-06,792.2041,807.9,806.15,795.26
700,2017-01-05,785.02,794.48,794.02,786.08
699,2017-01-04,783.16,791.34,786.9,788.36
698,2017-01-03,775.8,789.63,786.14,778.81
697,2016-12-30,770.41,782.78,771.82,782.75
696,2016-12-29,778.92,785.93,782.79,783.33
695,2016-12-28,783.2,794.23,785.05,793.7
694,2016-12-27,787.657,797.86,791.55,790.68
693,2016-12-23,787.28,792.74,789.91,790.9
692,2016-12-22,788.58,793.32,791.26,792.36
691,2016-12-21,787.1,796.6757,794.56,795.84
690,2016-12-20,793.27,798.65,796.42,796.76
689,2016-12-19,786.27,797.66,794.2,790.22
688,2016-12-16,790.29,800.8558,790.8,800.4
687,2016-12-15,792.92,803.0,797.85,797.34
686,2016-12-14,794.01,804.0,797.07,797.4
685,2016-12-13,793.34,804.3799,796.1,793.9
684,2016-12-12,784.3554,791.25,789.27,785.04
683,2016-12-09,779.021,789.43,789.29,780.0
682,2016-12-08,767.23,778.18,776.42,772.48
681,2016-12-07,755.8,771.36,771.19,761.0
680,2016-12-06,757.34,768.83,759.11,764.73
679,2016-12-05,752.9,763.9,762.52,757.71
678,2016-12-02,743.1,754.0,750.5,744.59
677,2016-12-01,737.0245,759.85,747.92,757.44
676,2016-11-30,754.83,772.99,758.04,770.07
675,2016-11-29,768.24,778.5,770.84,771.53
674,2016-11-28,759.8,779.53,768.24,760.0
673,2016-11-25,760.52,765.0,761.68,764.26
672,2016-11-23,755.25,768.2825,760.99,767.73
671,2016-11-22,767.0,776.96,768.27,772.63
670,2016-11-21,760.6,769.7,769.2,762.61
669,2016-11-18,760.0,775.0,760.54,771.37
668,2016-11-17,764.23,772.7,771.23,766.92
667,2016-11-16,750.51,766.36,764.48,755.2
666,2016-11-15,746.97,764.4162,758.49,746.97
665,2016-11-14,727.54,757.85,736.08,755.6
664,2016-11-11,750.38,760.78,754.02,756.54
663,2016-11-10,752.18,791.17,762.56,791.17
662,2016-11-09,771.67,791.2265,785.31,779.94
661,2016-11-08,780.19,795.633,790.51,783.4
660,2016-11-07,772.55,785.19,782.52,774.5
659,2016-11-04,750.5611,770.36,762.02,750.66
658,2016-11-03,759.03,769.95,762.13,767.25
657,2016-11-02,763.4496,781.65,768.7,778.2
656,2016-11-01,775.54,789.49,783.61,782.89
655,2016-10-31,784.0,796.86,784.54,795.47
654,2016-10-28,793.59,815.49,795.37,808.35
653,2016-10-27,791.5,803.49,795.35,801.0
652,2016-10-26,796.32,806.98,799.07,806.34
651,2016-10-25,805.14,816.68,807.67,816.68
650,2016-10-24,804.82,815.18,813.11,804.9
649,2016-10-21,794.0,799.5,799.37,795.0
648,2016-10-20,796.03,803.97,796.97,803.3
647,2016-10-19,797.635,804.63,801.56,798.86
646,2016-10-18,785.565,801.61,795.26,787.85
645,2016-10-17,777.5,785.85,779.96,779.8
644,2016-10-14,776.0,783.95,778.53,781.65
643,2016-10-13,773.0,781.22,778.19,781.22
642,2016-10-12,782.06,788.13,786.14,783.76
641,2016-10-11,780.58,792.28,783.07,786.66
640,2016-10-10,775.87,789.38,785.94,777.71
639,2016-10-07,770.75,779.66,775.08,779.66
638,2016-10-06,775.54,780.48,776.86,779.0
637,2016-10-05,775.65,782.07,776.47,779.31
636,2016-10-04,772.89,778.71,776.43,776.03
635,2016-10-03,769.5,776.065,772.56,774.25
634,2016-09-30,774.09,780.94,777.29,776.33
633,2016-09-29,774.232,785.8,775.01,781.44
632,2016-09-28,774.97,781.81,781.56,777.85
631,2016-09-27,774.308,785.9899,783.01,775.5
630,2016-09-26,773.07,782.74,774.21,782.74
629,2016-09-23,784.15,788.93,786.9,786.59
628,2016-09-22,778.44,789.85,787.21,780.0
627,2016-09-21,768.301,777.16,776.22,772.66
626,2016-09-20,768.53,773.33,771.41,769.0
625,2016-09-19,764.4406,774.0,765.7,772.42
624,2016-09-16,764.66,769.75,768.88,769.75
623,2016-09-15,759.96,773.8,771.76,762.89
622,2016-09-14,759.11,767.68,762.49,759.61
621,2016-09-13,755.8,766.2195,759.69,764.48
620,2016-09-12,754.0001,770.29,769.02,755.13
619,2016-09-09,759.66,773.245,759.66,770.1
618,2016-09-08,773.58,780.35,775.32,778.59
617,2016-09-07,776.2,782.73,780.35,780.0
616,2016-09-06,771.0,782.0,780.08,773.45
615,2016-09-02,768.41,773.9199,771.46,773.01
614,2016-09-01,764.3,771.02,768.78,769.25
613,2016-08-31,765.38,769.09,767.05,767.01
612,2016-08-30,766.84,774.466,769.09,769.33
611,2016-08-29,766.615,774.99,772.15,768.74
610,2016-08-26,765.85,776.0799,769.54,769.0
609,2016-08-25,763.1846,771.89,769.41,767.0
608,2016-08-24,767.07,774.5,769.64,770.58
607,2016-08-23,771.785,776.44,772.08,775.48
606,2016-08-22,770.0502,774.54,772.15,773.27
605,2016-08-19,773.13,777.1,775.42,775.0
604,2016-08-18,777.0,782.86,777.5,780.01
603,2016-08-17,773.53,780.81,779.91,777.32
602,2016-08-16,773.444,780.98,777.14,780.3
601,2016-08-15,780.11,787.49,782.44,783.75
600,2016-08-12,780.4,783.395,783.22,781.5
599,2016-08-11,782.97,789.75,784.85,785.0
598,2016-08-10,782.778,786.8123,784.68,783.75
597,2016-08-09,780.57,788.94,784.26,781.1
596,2016-08-08,778.091,782.63,781.76,782.0
595,2016-08-05,772.34,783.04,782.22,773.78
594,2016-08-04,768.795,774.07,771.61,772.22
593,2016-08-03,766.82,773.21,773.18,767.18
592,2016-08-02,767.85,775.84,771.07,768.69
591,2016-08-01,761.09,780.43,772.88,761.09
590,2016-07-29,766.77,778.55,768.79,772.71
589,2016-07-28,739.3,748.65,745.91,747.04
588,2016-07-27,737.0,744.46,741.77,738.28
587,2016-07-26,734.27,741.69,738.42,739.04
586,2016-07-25,737.5,742.61,739.77,740.67
585,2016-07-22,736.56,743.24,742.74,741.86
584,2016-07-21,735.831,741.69,738.63,740.36
583,2016-07-20,737.1,742.13,741.19,737.33
582,2016-07-19,729.0,736.99,736.96,729.89
581,2016-07-18,721.19,736.13,733.78,722.71
580,2016-07-15,719.055,725.74,719.85,725.73
579,2016-07-14,718.03,722.21,720.95,721.58
578,2016-07-13,716.85,724.0,716.98,723.62
577,2016-07-12,715.91,722.94,720.64,719.12
576,2016-07-11,707.24,716.51,715.09,708.05
575,2016-07-08,696.435,705.71,705.63,699.5
574,2016-07-07,688.215,698.2,695.36,698.08
573,2016-07-06,689.09,701.68,697.77,689.98
572,2016-07-05,688.88,696.94,694.49,696.06
571,2016-07-01,692.1301,700.65,699.21,692.2
570,2016-06-30,683.65,692.32,692.1,685.47
569,2016-06-29,681.41,687.4292,684.11,683.0
568,2016-06-28,673.0,680.33,680.04,678.97
567,2016-06-27,663.284,672.3,668.26,671.0
566,2016-06-24,673.45,689.4,675.22,675.17
565,2016-06-23,687.0,701.95,701.87,697.45
564,2016-06-22,693.0819,700.86,697.46,699.06
563,2016-06-21,692.01,702.77,695.94,698.4
562,2016-06-20,693.41,702.48,693.71,698.77
561,2016-06-17,688.4515,708.82,691.72,708.65
560,2016-06-16,703.26,716.65,710.36,714.91
559,2016-06-15,717.31,722.98,718.92,719.0
558,2016-06-14,713.12,722.47,718.27,716.48
557,2016-06-13,716.51,725.44,718.36,716.51
556,2016-06-10,716.43,725.89,719.41,719.47
555,2016-06-09,722.3361,729.54,728.58,722.87
554,2016-06-08,720.58,728.57,728.28,723.96
553,2016-06-07,716.55,721.98,716.65,719.84
552,2016-06-06,714.61,724.91,716.55,724.91
551,2016-06-03,720.56,729.49,722.34,729.27
550,2016-06-02,724.17,733.02,730.4,732.5
549,2016-06-01,730.66,737.21,734.15,734.53
548,2016-05-31,731.26,739.73,735.72,731.74
547,2016-05-27,724.0,733.936,732.66,724.01
546,2016-05-26,720.28,728.33,724.12,722.87
545,2016-05-25,719.7047,727.51,725.27,720.76
544,2016-05-24,706.86,720.97,720.09,706.86
543,2016-05-23,704.18,711.4781,704.24,706.53
542,2016-05-20,700.52,714.58,709.74,701.62
541,2016-05-19,696.8,706.0,700.32,702.36
540,2016-05-18,700.63,711.6,706.63,703.67
539,2016-05-17,704.11,721.52,706.23,715.99
538,2016-05-16,705.65,718.48,716.49,709.13
537,2016-05-13,709.26,716.6619,710.83,711.93
536,2016-05-12,709.0,719.25,713.31,717.06
535,2016-05-11,712.8,724.48,715.29,723.41
534,2016-05-10,715.72,723.5,723.18,716.75
533,2016-05-09,710.0,718.71,712.9,712.0
532,2016-05-06,698.1067,711.86,711.12,698.38
531,2016-05-05,695.72,702.3199,701.43,697.7
530,2016-05-04,689.01,699.75,695.7,690.49
529,2016-05-03,692.0,697.84,692.36,696.87
528,2016-05-02,691.0,700.64,698.21,697.63
527,2016-04-29,689.0,697.62,693.01,690.7
526,2016-04-28,689.55,714.17,691.02,708.26
525,2016-04-27,692.3651,708.98,705.84,707.29
524,2016-04-26,703.0264,725.766,708.14,725.42
523,2016-04-25,715.59,723.93,723.15,716.1
522,2016-04-22,713.61,736.12,718.77,726.3
521,2016-04-21,749.55,760.45,759.14,755.38
520,2016-04-20,750.01,758.1315,752.67,758.0
519,2016-04-19,749.33,769.9,753.93,769.51
518,2016-04-18,757.3,768.05,766.61,760.46
517,2016-04-15,752.6938,761.0,759.0,753.98
516,2016-04-14,752.705,757.31,753.2,754.01
515,2016-04-13,744.261,754.38,751.72,749.16
514,2016-04-12,731.01,743.83,743.09,738.0
513,2016-04-11,736.05,745.0,736.1,743.02
512,2016-04-08,735.55,745.45,739.15,743.97
511,2016-04-07,736.28,746.9999,740.28,745.37
510,2016-04-06,735.56,746.24,745.69,735.77
509,2016-04-05,735.37,742.8,737.8,738.0
508,2016-04-04,742.43,752.8,745.29,750.06
507,2016-04-01,737.0,750.34,749.91,738.6
506,2016-03-31,740.94,750.85,744.95,749.25
505,2016-03-30,748.74,757.88,750.53,750.1
504,2016-03-29,728.76,747.25,744.77,734.59
503,2016-03-28,732.5,738.99,733.53,736.79
502,2016-03-24,731.0,737.747,735.3,732.01
501,2016-03-23,736.15,745.7199,738.06,742.36
500,2016-03-22,737.46,745.0,740.75,737.46
499,2016-03-21,733.5157,742.5,742.09,736.5
498,2016-03-18,731.83,742.0,737.6,741.86
497,2016-03-17,736.0,743.07,737.78,736.45
496,2016-03-16,724.51,737.47,736.09,726.37
495,2016-03-15,724.77,732.29,728.33,726.92
494,2016-03-14,725.15,735.5,730.49,726.81
493,2016-03-11,717.125,726.92,726.82,720.0
492,2016-03-10,703.36,716.44,712.82,708.12
491,2016-03-09,694.0,705.68,705.24,698.47
490,2016-03-08,685.34,703.79,693.97,688.59
489,2016-03-07,686.9,708.0912,695.16,706.9
488,2016-03-04,706.02,716.49,710.89,714.99
487,2016-03-03,706.02,719.45,712.42,718.68
486,2016-03-02,712.0,720.0,718.85,719.0
485,2016-03-01,699.77,718.81,718.81,703.62
484,2016-02-29,697.68,710.89,697.77,700.32
483,2016-02-26,700.86,713.43,705.07,708.58
482,2016-02-25,690.585,705.98,705.75,700.01
481,2016-02-24,680.78,700.0,699.56,688.92
480,2016-02-23,693.58,708.4,695.85,701.45
479,2016-02-22,702.51,713.24,706.46,707.45
478,2016-02-19,694.05,703.0805,700.91,695.03
477,2016-02-18,696.03,712.35,697.35,710.0
476,2016-02-17,691.38,709.75,708.4,699.0
475,2016-02-16,685.05,698.0,691.0,692.98
474,2016-02-12,678.6,693.75,682.4,690.26
473,2016-02-11,668.8675,689.35,683.11,675.0
472,2016-02-10,682.13,701.31,684.12,686.86
471,2016-02-09,668.77,699.9,678.11,672.32
470,2016-02-08,663.06,684.03,682.74,667.85
469,2016-02-05,680.15,703.99,683.57,703.87
468,2016-02-04,701.86,727.0,708.01,722.81
467,2016-02-03,720.5,774.5,726.95,770.22
466,2016-02-02,764.65,789.8699,764.65,784.5
465,2016-02-01,743.27,757.86,752.0,750.46
464,2016-01-29,726.8,744.9899,742.95,731.53
463,2016-01-28,712.35,733.69,730.96,722.22
462,2016-01-27,694.39,718.235,699.99,713.67
461,2016-01-26,706.48,718.28,713.04,713.85
460,2016-01-25,710.01,729.68,711.67,723.58
459,2016-01-22,720.121,728.13,725.25,723.6
458,2016-01-21,694.46,719.19,706.59,702.18
457,2016-01-20,673.26,706.85,698.45,688.61
456,2016-01-19,693.4101,709.98,701.79,703.3
455,2016-01-15,685.37,706.74,694.45,692.29
454,2016-01-14,689.1,721.925,714.72,705.38
453,2016-01-13,698.61,734.74,700.56,730.85
452,2016-01-12,717.3165,728.75,726.07,721.68
451,2016-01-11,703.54,718.855,716.03,716.61
450,2016-01-08,713.0,733.23,714.47,731.45
449,2016-01-07,719.06,738.5,726.39,730.31
448,2016-01-06,728.92,747.18,743.62,730.0
447,2016-01-05,738.64,752.0,742.58,746.45
446,2016-01-04,731.2577,744.06,741.84,743.0
445,2015-12-31,758.34,769.5,758.88,769.5
444,2015-12-30,766.9,777.6,771.0,776.6
443,2015-12-29,766.43,779.98,776.6,766.69
442,2015-12-28,749.52,762.99,762.51,752.92
441,2015-12-24,746.62,751.35,748.4,749.55
440,2015-12-23,744.0,754.21,750.31,753.47
439,2015-12-22,745.53,754.85,750.0,751.65
438,2015-12-21,740.0,750.0,747.77,746.13
437,2015-12-18,738.15,754.13,739.31,746.51
436,2015-12-17,749.0,762.68,749.43,762.42
435,2015-12-16,739.435,760.59,758.09,750.0
434,2015-12-15,743.01,758.08,743.4,753.0
433,2015-12-14,724.17,748.73,747.77,741.79
432,2015-12-11,736.75,745.71,738.87,741.16
431,2015-12-10,743.83,755.85,749.46,752.85
430,2015-12-09,737.001,764.23,751.61,759.17
429,2015-12-08,754.2,764.8,762.37,757.89
428,2015-12-07,755.09,768.73,763.25,767.77
427,2015-12-04,750.0,768.49,766.81,753.1
426,2015-12-03,745.63,768.995,752.54,766.01
425,2015-12-02,758.96,775.955,762.38,768.9
424,2015-12-01,746.7,768.95,767.04,747.11
423,2015-11-30,741.27,754.93,742.6,748.81
422,2015-11-27,747.49,753.41,750.26,748.46
421,2015-11-25,746.06,752.0,748.15,748.14
420,2015-11-24,737.63,755.279,748.28,752.0
419,2015-11-23,751.82,762.7075,755.98,757.45
418,2015-11-20,743.0,757.92,756.6,746.53
417,2015-11-19,737.43,742.0,738.41,738.74
416,2015-11-18,727.0,741.41,740.0,727.58
415,2015-11-17,723.027,731.845,725.3,729.29
414,2015-11-16,711.33,729.49,728.96,715.6
413,2015-11-13,716.73,731.15,717.0,729.17
412,2015-11-12,728.645,737.8,731.23,731.0
411,2015-11-11,730.23,741.0,735.4,732.46
410,2015-11-10,718.5001,730.59,728.32,724.4
409,2015-11-09,719.43,734.71,724.89,730.2
408,2015-11-06,727.01,735.41,733.76,731.5
407,2015-11-05,729.47,739.48,731.25,729.47
406,2015-11-04,721.9,733.1,728.11,722.0
405,2015-11-03,714.72,724.65,722.16,718.86
404,2015-11-02,705.85,721.62,721.11,711.06
403,2015-10-30,710.05,718.0,710.81,715.73
402,2015-10-29,710.01,718.26,716.92,710.5
401,2015-10-28,703.08,712.98,712.95,707.33
400,2015-10-27,704.55,713.62,708.49,707.38
399,2015-10-26,701.26,719.15,712.78,701.55
398,2015-10-23,701.5,730.0,702.0,727.5
397,2015-10-22,644.01,657.8,651.79,646.7
396,2015-10-21,641.73,655.87,642.61,654.15
395,2015-10-20,644.195,664.7197,650.28,664.04
394,2015-10-19,659.58,666.82,666.1,661.18
393,2015-10-16,657.2,664.97,662.2,664.11
392,2015-10-15,654.46,663.13,661.74,654.66
391,2015-10-14,648.85,659.39,651.16,653.21
390,2015-10-13,643.15,657.8125,652.3,643.15
389,2015-10-12,639.01,648.5,646.67,642.09
388,2015-10-09,635.318,645.99,643.61,640.0
387,2015-10-08,625.56,644.45,639.16,641.36
386,2015-10-07,632.15,650.609,642.36,649.24
385,2015-10-06,636.5295,649.25,645.44,638.84
384,2015-10-05,627.0,643.01,641.47,632.0
383,2015-10-02,603.13,627.34,626.91,607.2
382,2015-10-01,599.85,612.09,611.29,608.37
381,2015-09-30,600.73,608.76,608.42,603.28
380,2015-09-29,590.22,605.0,594.97,597.28
379,2015-09-28,589.38,614.605,594.89,610.34
378,2015-09-25,611.0,629.77,611.97,629.77
377,2015-09-24,612.4,627.32,625.8,616.64
376,2015-09-23,620.0,628.93,622.36,622.05
375,2015-09-22,615.43,627.55,622.69,627.0
374,2015-09-21,625.94,636.49,635.44,634.4
373,2015-09-18,627.02,640.0,629.25,636.79
372,2015-09-17,635.02,650.9,642.9,637.79
371,2015-09-16,632.32,637.95,635.98,635.47
370,2015-09-15,623.78,638.7,635.14,626.7
369,2015-09-14,619.43,625.86,623.24,625.7
368,2015-09-11,617.42,625.78,625.77,619.75
367,2015-09-10,611.43,624.16,621.35,613.1
366,2015-09-09,609.6,626.52,612.72,621.22
365,2015-09-08,604.12,616.31,614.66,612.49
364,2015-09-04,595.25,603.47,600.7,600.0
363,2015-09-03,602.8213,619.71,606.25,617.0
362,2015-09-02,599.71,614.34,614.34,605.68
361,2015-09-01,594.1,612.86,597.79,602.36
360,2015-08-31,617.68,635.8,618.25,627.54
359,2015-08-28,624.56,636.88,630.38,632.82
358,2015-08-27,622.0,643.59,637.61,639.4
357,2015-08-26,599.05,631.71,628.62,610.35
356,2015-08-25,581.11,617.45,582.06,614.91
355,2015-08-24,565.05,614.0,589.61,573.0
354,2015-08-21,612.33,640.05,612.48,639.78
353,2015-08-20,642.9,662.99,646.83,655.46
352,2015-08-19,654.19,667.0,660.9,656.6
351,2015-08-18,653.46,664.0,656.13,661.9
350,2015-08-17,651.24,661.38,660.87,656.8
349,2015-08-14,652.66,659.855,657.12,655.01
348,2015-08-13,651.661,664.5,656.45,659.3225
347,2015-08-12,652.29,665.0,659.56,663.08
346,2015-08-11,654.27,674.9,660.78,669.2
345,2015-08-10,631.249,643.44,633.73,639.48
344,2015-08-07,629.71,642.68,635.3,640.23
343,2015-08-06,632.25,645.379,642.68,645.0
342,2015-08-05,633.16,647.86,643.78,634.33
341,2015-08-04,627.16,634.81,629.25,628.42
340,2015-08-03,625.34,633.0556,631.21,625.34
339,2015-07-31,625.5,632.91,625.61,631.38
338,2015-07-30,622.05,635.22,632.59,630.0
337,2015-07-29,622.65,633.36,631.93,628.8
336,2015-07-28,623.31,632.83,628.0,632.83
335,2015-07-27,620.5,634.3,627.26,621.0
334,2015-07-24,622.52,648.17,623.56,647.0
333,2015-07-23,641.0,663.63,644.28,661.27
332,2015-07-22,659.0,678.64,662.1,660.89
331,2015-07-21,654.3,673.0,662.3,655.21
330,2015-07-20,653.01,668.88,663.02,659.24
329,2015-07-17,645.0,674.468,672.93,649.0
328,2015-07-16,565.0,580.68,579.85,565.12
327,2015-07-15,556.79,566.5029,560.22,560.13
326,2015-07-14,546.71,565.8487,561.1,546.76
325,2015-07-13,532.4001,547.11,546.55,532.88
324,2015-07-10,525.55,532.56,530.13,526.29
323,2015-07-09,520.35,523.77,520.68,523.12
322,2015-07-08,516.11,522.734,516.83,521.05
321,2015-07-07,515.18,526.18,525.02,523.13
320,2015-07-06,519.0,525.25,522.86,519.5
319,2015-07-02,521.08,524.65,523.4,521.08
318,2015-07-01,518.2305,525.69,521.84,524.73
317,2015-06-30,520.5,526.25,520.51,526.02
316,2015-06-29,520.54,528.61,521.52,525.01
315,2015-06-26,531.35,537.76,531.69,537.26
314,2015-06-25,535.23,540.9,535.23,538.87
313,2015-06-24,535.66,540.0,537.84,540.0
312,2015-06-23,535.25,541.499,540.48,539.64
311,2015-06-22,537.53,543.74,538.19,539.59
310,2015-06-19,533.01,538.25,536.69,537.21
309,2015-06-18,530.79,538.15,536.73,531.0
308,2015-06-17,525.1,530.98,529.26,529.37
307,2015-06-16,525.56,529.6399,528.15,528.4
306,2015-06-15,524.0,528.3,527.2,528.0
305,2015-06-12,530.16,533.12,532.33,531.6
304,2015-06-11,533.02,538.98,534.61,538.425
303,2015-06-10,529.35,538.36,536.69,529.36
302,2015-06-09,523.01,529.2,526.69,527.56
301,2015-06-08,526.24,534.12,526.83,533.31
300,2015-06-05,532.52,537.2,533.33,536.35
299,2015-06-04,534.32,540.59,536.7,537.76
298,2015-06-03,537.11,543.5,540.31,539.91
297,2015-06-02,531.33,543.0,539.18,532.93
296,2015-06-01,529.76,536.79,533.99,536.79
295,2015-05-29,531.45,538.63,532.11,537.37
294,2015-05-28,536.25,540.61,539.78,538.01
293,2015-05-27,531.71,540.55,539.79,532.8
292,2015-05-26,529.88,539.0,532.32,538.12
291,2015-05-22,539.51,544.19,540.11,540.15
290,2015-05-21,535.98,543.8399,542.51,537.95
289,2015-05-20,532.972,542.92,539.27,538.49
288,2015-05-19,533.04,540.66,537.36,533.98
287,2015-05-18,528.85,534.82,532.3,532.01
286,2015-05-15,530.38,539.2743,533.85,539.18
285,2015-05-14,532.41,539.0,538.4,533.77
284,2015-05-13,528.655,534.3215,529.62,530.56
283,2015-05-12,525.26,533.2089,529.04,531.6
282,2015-05-11,535.4,541.98,535.7,538.37
281,2015-05-08,536.0,541.15,538.22,536.65
280,2015-05-07,521.75,533.46,530.7,523.99
279,2015-05-06,521.085,532.38,524.22,531.24
278,2015-05-05,530.3906,539.74,530.8,538.21
277,2015-05-04,535.06,544.07,540.78,538.53
276,2015-05-01,532.1,539.54,537.9,538.43
275,2015-04-30,535.05,548.59,537.34,547.87
274,2015-04-29,546.905,553.68,549.08,550.47
273,2015-04-28,550.366,556.02,553.68,554.64
272,2015-04-27,553.2001,565.95,555.37,563.39
271,2015-04-24,557.25,571.14,565.06,566.1
270,2015-04-23,540.23,550.96,547.0,541.0
269,2015-04-22,531.75,541.08,539.365,534.4
268,2015-04-21,533.675,539.39,533.97,537.51
267,2015-04-20,524.5,536.09,535.38,525.6
266,2015-04-17,521.01,529.84,524.05,528.66
265,2015-04-16,529.61,535.59,533.8,529.9
264,2015-04-15,523.22,534.73,532.53,528.7
263,2015-04-14,528.0925,537.5699,530.39,536.25
262,2015-04-13,537.31,544.06,539.17,538.41
261,2015-04-10,537.31,542.29,540.01,542.29
260,2015-04-09,535.49,541.95,540.78,541.03
259,2015-04-08,538.38,543.85,541.61,538.38
258,2015-04-07,536.0,542.69,537.02,538.08
257,2015-04-06,529.57,538.41,536.765,532.22
256,2015-04-02,533.8467,540.85,535.53,540.85
255,2015-04-01,539.5,551.14,542.56,548.6
254,2015-03-31,546.72,554.71,548.0,550.0
253,2015-03-30,548.17,553.47,552.03,551.62
252,2015-03-27,548.13,555.28,548.34,553.0
251,2015-03-26,550.65,558.9,555.17,557.59
250,2015-03-25,558.74,572.26,558.785,570.5
249,2015-03-24,561.21,574.59,570.19,562.56
248,2015-03-23,555.83,562.36,558.81,560.43
247,2015-03-20,559.05,561.72,560.36,561.65
246,2015-03-19,556.145,560.8,557.99,559.39
245,2015-03-18,547.0001,559.78,559.5,552.5
244,2015-03-17,548.0,553.8,550.84,551.71
243,2015-03-16,546.0,556.85,554.51,550.95
242,2015-03-13,544.22,558.4,547.32,553.5
241,2015-03-12,550.46,556.37,555.51,553.51
240,2015-03-11,550.68,558.14,551.18,555.14
239,2015-03-10,554.73,564.85,555.01,564.25
238,2015-03-09,563.535,570.27,568.85,566.86
237,2015-03-06,566.76,576.6799,567.685,574.88
236,2015-03-05,573.41,577.91,575.33,575.02
235,2015-03-04,568.01,577.11,573.37,571.87
234,2015-03-03,566.52,575.39,573.64,570.45
233,2015-03-02,558.75,572.15,571.34,560.53
232,2015-02-27,552.9,564.71,558.4,554.24
231,2015-02-26,541.5,556.14,555.48,543.21
230,2015-02-25,535.445,546.22,543.87,535.9
229,2015-02-24,528.25,536.79,536.09,530.0
228,2015-02-23,529.41,536.439,531.91,536.05
227,2015-02-20,535.8,543.75,538.95,543.13
226,2015-02-19,538.01,543.11,542.87,538.04
225,2015-02-18,537.51,545.49,539.7,541.4
224,2015-02-17,541.09,550.0,542.84,546.83
223,2015-02-13,543.13,549.91,549.01,543.35
222,2015-02-12,534.673,544.82,542.93,537.25
221,2015-02-11,533.3775,538.45,535.97,535.3
220,2015-02-10,526.92,537.7,536.94,529.3
219,2015-02-09,526.02,532.0,527.83,528.0
218,2015-02-06,526.41,537.2,531.0,527.64
217,2015-02-05,522.09,528.5,527.58,523.79
216,2015-02-04,521.27,532.6715,522.76,529.24
215,2015-02-03,523.26,533.4,529.24,528.0
214,2015-02-02,518.55,533.0,528.48,531.73
213,2015-01-30,515.52,539.87,534.52,515.86
212,2015-01-29,501.2,511.09,510.66,511.0
211,2015-01-28,510.0,522.99,510.0,522.78
210,2015-01-27,518.19,530.7,518.63,529.97
209,2015-01-26,529.67,539.0,535.21,538.53
208,2015-01-23,533.0,542.17,539.95,535.59
207,2015-01-22,519.7,536.33,534.39,521.48
206,2015-01-21,506.2,519.28,518.04,507.25
205,2015-01-20,506.016,512.5,506.9,511.0
204,2015-01-16,500.0,508.19,508.08,500.01
203,2015-01-15,497.76,505.68,501.79,505.57
202,2015-01-14,493.0,503.23,500.87,494.65
201,2015-01-13,492.39,502.98,496.18,498.84
200,2015-01-12,487.56,495.976,492.55,494.94
199,2015-01-09,494.79,504.92,496.17,504.76
198,2015-01-08,491.0,503.48,502.68,497.99
197,2015-01-07,499.65,507.244,501.1,507.0
196,2015-01-06,501.05,516.175,501.96,515.0
195,2015-01-05,513.06,524.33,513.87,523.26
194,2015-01-02,524.1,531.27,524.81,529.01
193,2014-12-31,525.8,532.6,526.4,531.25
192,2014-12-30,527.13,531.15,530.42,528.09
191,2014-12-29,530.011,535.48,530.33,532.19
190,2014-12-26,527.31,534.25,534.03,528.77
189,2014-12-24,527.02,531.759,528.77,530.51
188,2014-12-23,526.29,534.56,530.59,527.0
187,2014-12-22,516.08,526.46,524.87,516.08
186,2014-12-19,506.9106,517.72,516.35,511.51
185,2014-12-18,504.7,513.87,511.1,512.95
184,2014-12-17,496.81,507.0,504.89,497.0
183,2014-12-16,489.0,513.05,495.39,511.56
182,2014-12-15,513.27,523.1,513.8,522.74
181,2014-12-12,518.66,528.5,518.66,523.51
180,2014-12-11,527.1,533.92,528.34,527.8
179,2014-12-10,525.56,536.33,526.06,533.08
178,2014-12-09,520.5,534.19,533.37,522.14
177,2014-12-08,523.79,531.0,526.98,527.13
176,2014-12-05,524.28,532.89,525.26,531.0
175,2014-12-04,528.59,537.34,537.31,531.16
174,2014-12-03,529.26,535.996,531.32,531.44
173,2014-12-02,529.8,535.5,533.75,533.51
172,2014-12-01,531.86,541.41,533.8,538.9
171,2014-11-28,536.6,542.0,541.83,540.62
170,2014-11-26,537.042,541.55,540.37,540.88
169,2014-11-25,538.602,543.98,541.08,539.0
168,2014-11-24,535.62,542.7,539.27,537.65
167,2014-11-21,536.56,542.14,537.5,541.61
166,2014-11-20,531.08,535.11,534.83,531.25
165,2014-11-19,530.08,538.24,536.99,535.0
164,2014-11-18,534.17,541.94,535.03,537.5
163,2014-11-17,534.061,543.79,536.51,543.58
162,2014-11-14,542.15,546.68,544.4,546.68
161,2014-11-13,543.48,549.8,545.38,549.8
160,2014-11-12,545.17,550.46,547.31,550.39
159,2014-11-11,546.3,551.9399,550.29,548.49
158,2014-11-10,541.02,549.59,547.49,541.46
157,2014-11-07,538.67,546.21,541.01,546.21
156,2014-11-06,540.97,546.885,542.04,545.5
155,2014-11-05,544.05,556.8,545.92,556.8
154,2014-11-04,549.3,555.5,554.11,553.0
153,2014-11-03,553.23,557.9,555.22,555.5
152,2014-10-31,554.75,559.57,559.08,559.35
151,2014-10-30,543.51,552.8,550.31,548.95
150,2014-10-29,546.98,554.19,549.33,550.0
149,2014-10-28,541.62,548.98,548.9,543.0
148,2014-10-27,537.03,544.41,540.77,537.03
147,2014-10-24,535.79,544.88,539.78,544.36
146,2014-10-23,535.85,547.22,543.98,539.32
145,2014-10-22,528.8,539.8,532.71,529.89
144,2014-10-21,519.11,526.79,526.54,525.19
143,2014-10-20,508.1,521.76,520.84,509.45
142,2014-10-17,508.53,530.98,511.17,527.25
141,2014-10-16,515.0,529.43,524.51,519.0
140,2014-10-15,518.3,532.8,530.03,531.01
139,2014-10-14,533.1695,547.19,537.94,538.9
138,2014-10-13,533.1,549.5,533.21,544.99
137,2014-10-10,544.05,565.1299,544.49,557.72
136,2014-10-09,559.06,571.49,560.88,571.18
135,2014-10-08,557.49,573.88,572.5,565.57
134,2014-10-07,563.74,575.27,563.74,574.4
133,2014-10-06,574.44,581.0,577.35,578.8
132,2014-10-03,572.5,577.225,575.28,573.05
131,2014-10-02,563.32,571.91,570.08,567.31
130,2014-10-01,567.01,577.5799,568.27,576.01
129,2014-09-30,572.85,579.85,577.36,576.93
128,2014-09-29,571.17,578.19,576.36,571.75
127,2014-09-26,574.66,579.25,577.1,576.06
126,2014-09-25,574.18,587.98,575.06,587.55
125,2014-09-24,580.52,589.63,587.99,581.46
124,2014-09-23,581.0,586.85,581.13,586.85
123,2014-09-22,583.46,593.949,587.37,593.82
122,2014-09-19,589.5,596.48,596.08,591.5
121,2014-09-18,585.0,589.54,589.27,587.0
120,2014-09-17,578.775,587.5199,584.77,580.01
119,2014-09-16,572.66,581.5,579.95,572.76
118,2014-09-15,568.21,574.95,573.1,572.94
117,2014-09-12,574.46,581.64,575.62,581.0
116,2014-09-11,576.26,581.81,581.35,580.36
115,2014-09-10,576.94,583.5,583.1,581.5
114,2014-09-09,580.0,589.0,581.01,588.9
113,2014-09-08,586.3,591.77,589.72,586.6
112,2014-09-05,581.95,586.55,586.08,583.98
111,2014-09-04,579.22,586.0,581.98,580.0
110,2014-09-03,575.0,582.99,577.94,580.0
109,2014-09-02,571.19,577.83,577.33,571.85
108,2014-08-29,567.0692,572.04,571.6,571.33
107,2014-08-28,567.1,573.25,569.2,569.56
106,2014-08-27,570.103,578.49,571.0,577.27
105,2014-08-26,576.58,581.8,577.86,581.26
104,2014-08-25,579.0,585.0,580.2,584.72
103,2014-08-22,580.64,585.236,582.56,583.59
102,2014-08-21,581.14,584.5,583.37,583.82
101,2014-08-20,582.57,586.7,584.49,585.88
100,2014-08-19,584.0,587.34,586.86,585.0
99,2014-08-18,576.0,584.51,582.16,576.11
98,2014-08-15,570.52,579.38,573.48,577.86
97,2014-08-14,570.88,577.9,574.65,576.18
96,2014-08-13,565.75,575.0,574.78,567.31
95,2014-08-12,560.88,565.9,562.73,564.52
94,2014-08-11,566.0,570.49,567.88,569.99
93,2014-08-08,560.35,570.25,568.77,563.56
92,2014-08-07,561.1,569.89,563.36,568.0
91,2014-08-06,560.0,570.7,566.374,561.78
90,2014-08-05,562.61,571.98,565.07,570.05
89,2014-08-04,564.1,575.35,573.15,569.04
88,2014-08-01,562.85,575.9599,566.07,570.4
87,2014-07-31,570.0,583.6499,571.6,580.6
86,2014-07-30,584.0,589.5,587.42,586.55
85,2014-07-29,583.515,589.7,585.61,588.75
84,2014-07-28,584.7533,592.5,590.6,588.07
83,2014-07-25,587.03,591.86,589.02,590.4
82,2014-07-24,591.77,599.5,593.35,596.45
81,2014-07-23,592.5,597.85,595.98,593.23
80,2014-07-22,590.6,599.65,594.74,590.72
79,2014-07-21,585.2326,594.4,589.47,591.75
78,2014-07-18,582.0,596.8,595.08,593.0
77,2014-07-17,568.61,580.99,573.7299,579.53
76,2014-07-16,582.2,588.4,582.66,588.0
75,2014-07-15,576.56,585.8045,584.78,585.74
74,2014-07-14,578.03,585.21,584.87,582.6
73,2014-07-11,571.42,580.85,579.18,571.91
72,2014-07-10,565.01,576.59,571.1,565.91
71,2014-07-09,569.376,576.72,576.08,571.58
70,2014-07-08,566.135,579.5284,571.09,577.66
69,2014-07-07,579.59,586.4299,582.25,583.76
68,2014-07-03,580.92,585.01,584.73,583.35
67,2014-07-02,580.39,585.4399,582.335,583.35
66,2014-07-01,576.65,584.4,582.67,578.32
65,2014-06-30,574.75,579.57,575.28,578.66
64,2014-06-27,573.8,579.87,577.24,577.18
63,2014-06-26,571.85,582.45,576.0,581.0
62,2014-06-25,565.22,579.96,578.65,565.26
61,2014-06-24,561.01,572.646,564.62,565.19
60,2014-06-23,554.25,565.0,564.95,555.15
59,2014-06-20,550.3915,557.58,556.36,556.85
58,2014-06-19,548.51,555.0,554.9,554.24
57,2014-06-18,544.0,553.56,553.37,544.86
56,2014-06-17,539.33,545.32,543.01,544.2
55,2014-06-16,541.52,549.62,544.28,549.26
54,2014-06-13,545.56,552.3,551.76,552.26
53,2014-06-12,548.46,557.99,551.35,557.3
52,2014-06-11,555.0201,559.88,558.84,558.0
51,2014-06-10,557.9,563.6,560.55,560.51
50,2014-06-09,556.04,562.9,562.12,557.15
49,2014-06-06,548.93,558.06,556.33,558.06
48,2014-06-05,544.45,554.95,553.9,546.4
47,2014-06-04,538.75,548.61,544.66,541.5
46,2014-06-03,542.55,552.34,544.94,550.99
45,2014-06-02,545.73,560.9,553.93,560.7
44,2014-05-30,555.91,561.35,559.89,560.8
43,2014-05-29,558.71,564.0,560.08,563.35
42,2014-05-28,561.0,567.84,561.68,564.57
41,2014-05-27,554.35,566.0,565.95,556.0
40,2014-05-23,543.7,553.64,552.7,547.26
39,2014-05-22,540.78,547.5999,545.06,541.13
38,2014-05-21,531.91,539.1828,538.94,532.9
37,2014-05-20,526.3,536.23,529.77,529.74
36,2014-05-19,517.583,529.78,528.86,519.7
35,2014-05-16,515.44,521.8,520.63,521.39
34,2014-05-15,517.42,525.87,519.98,525.7
33,2014-05-14,525.29,533.0,526.65,533.0
32,2014-05-13,529.51,536.07,533.09,530.89
31,2014-05-12,519.01,530.19,529.92,523.51
30,2014-05-09,504.2,519.9,518.73,510.75
29,2014-05-08,506.45,517.23,511.0,508.46
28,2014-05-07,503.3,516.68,509.96,515.79
27,2014-05-06,515.06,526.81,515.14,525.23
26,2014-05-05,521.32,528.9,527.81,524.82
25,2014-05-02,525.61,533.9999,527.93,533.76
24,2014-05-01,523.88,532.93,531.35,527.11
23,2014-04-30,522.52,528.0,526.66,527.6
22,2014-04-29,516.32,529.46,527.7,516.9
21,2014-04-28,502.8,518.6,517.15,517.18
20,2014-04-25,515.42,524.7,516.18,522.51
19,2014-04-24,522.12,531.65,525.16,530.07
18,2014-04-23,526.25,533.87,526.94,533.79
17,2014-04-22,527.51,537.23,534.81,528.64
16,2014-04-21,525.6,536.7,528.62,536.1
15,2014-04-17,531.15,549.5,536.1,548.81
14,2014-04-16,540.0,557.0,556.54,543.0
13,2014-04-15,518.4601,538.45,536.44,536.82
12,2014-04-14,529.561,544.1,532.52,538.25
11,2014-04-11,526.53,540.0,530.6,532.55
10,2014-04-10,539.9,565.0,540.95,565.0
9,2014-04-09,552.95,565.37,564.14,559.62
8,2014-04-08,541.61,555.0,554.9,542.6
7,2014-04-07,527.15,548.48,538.15,540.74
6,2014-04-04,543.0,577.77,543.14,574.65
5,2014-04-03,564.13,587.28,569.74,569.85
4,2014-04-02,562.19,604.83,567.0,565.106
3,2014-04-01,558.71,568.45,567.16,558.71
2,2014-03-31,556.93,567.0,556.97,566.89
1,2014-03-28,558.67,566.43,559.99,561.2
0,2014-03-27,552.92,568.0,558.46,568.0
